Job:GallinasCreek-06172025,Version:24.00,Units:USSurveyFeet,
RTCM0018,1849484.201,6431929.042,23.49
BMpre-1,1766269.921,6418508.996,8.41
BMpre-2,1766269.934,6418509.001,8.439
BMpre-3,1766269.941,6418509.019,8.425
BMpre-4,1766269.911,6418509.011,8.434
BMpre-5,1766269.974,6418509.027,8.442
xsA-1,1768032.806,6416899.985,3.434
xsA-2,1768030.951,6416900.34,3.486
xsA-3,1768029.208,6416900.403,3.619
xsA-4,1768026.807,6416900.601,3.747
xsA-5,1768026.292,6416900.793,3.784
xsA-6,1768025.921,6416900.725,3.994
xsA-7,1768023.324,6416900.799,4.386
xsA-8,1768019.716,6416901.041,4.679
xsA-9,1768015.97,6416900.891,4.871
xsA-10,1768012.628,6416901.102,4.994
xsA-11,1768009.708,6416901.017,5.055
xsA-12,1768008.326,6416901.392,5.11
xsA-13pin,1768006.568,6416901.95,5.291
xsA-14,1768004.524,6416902.091,5.442
xsA-15,1768003.23,6416902.114,5.8
xsA-16,1768001.713,6416901.938,5.845
xsA-17,1767999.946,6416901.496,6.022
xsA-18,1767996.742,6416901.821,6.078
xsA-19,1767993.544,6416902.259,6.133
xsA-20,1767990.617,6416901.656,6.099
xsA-21,1767985.393,6416901.478,6.114
xsA-22,1767980.639,6416901.802,6.096
xsA-23,1767974.968,6416903.237,6.184
xsA-24,1767970.475,6416903.075,6.095
xsA-25,1767963.959,6416902.718,6.16
xsA-26,1767956.424,6416902.647,6.119
xsA-27,1767945.945,6416902.578,6.124
xsA-28,1767934.912,6416901.969,6.059
xsA-29,1767925.689,6416902.077,6.109
xsA-30,1767912.907,6416903.833,5.943
xsA-31,1767903.713,6416903.993,5.823
xsA-32,1767895.236,6416904.601,5.952
xsA-33,1767885.509,6416903.295,6.134
xsA-34,1767873.237,6416902.298,6.179
xsA-35,1767862.997,6416901.428,6.296
xsA-36,1767847.75,6416900.247,5.953
xsA-37,1767837.833,6416898.502,5.99
xsA-38,1767830.129,6416896.553,6.027
xsB-1,1767829.212,6416853.914,6.122
xsB-2,1767839.792,6416855.312,6.229
xsB-3,1767849.704,6416856.089,6.076
xsB-4,1767858.233,6416856.856,6.22
xsB-5,1767870.849,6416857.924,6.083
xsB-6,1767883.968,6416860.078,6.174
xsB-7,1767896.123,6416860.441,6.237
xsB-8,1767909.086,6416863.411,6.358
xsB-9,1767922.51,6416864.853,6.247
xsB-10,1767935.627,6416866.994,6.047
xsB-11,1767950.196,6416867.869,6.235
xsB-12,1767964.518,6416867.518,6.14
xsB-13,1767973.801,6416867.357,6.052
xsB-14,1767986.904,6416865.758,5.966
xsB-15,1767986.982,6416865.678,6.044
xsB-16,1767997.463,6416865.072,5.893
xsB-17,1768001.137,6416864.916,5.781
xsB-18pin,1768003.444,6416864.521,5.376
xsB-19,1768006.664,6416863.613,5.165
xsB-20,1768007.49,6416863.487,5.009
xsB-21,1768010.39,6416862.993,4.992
xsB-22,1768013.364,6416862.776,4.841
xsB-23,1768016.059,6416862.447,4.745
xsB-24,1768019.53,6416861.796,4.575
xsB-25,1768021.249,6416861.754,4.44
xsB-26,1768023.411,6416861.865,4.154
xsB-27,1768024.4,6416861.885,4.091
xsB-28,1768025.481,6416861.939,3.849
xsB-29,1768027.33,6416862.05,3.729
xsB-30,1768029.36,6416862.483,3.629
xsB-31,1768030.976,6416862.725,3.668
xsB-32,1768032.165,6416862.675,3.449
xsC-1,1768028.964,6416998.635,3.386
xsC-2,1768026.789,6416998.472,3.463
xsC-3,1768025.226,6416998.093,3.938
xsC-4,1768024.212,6416997.889,4.581
xsC-5,1768022.302,6416997.742,4.861
xsC-6,1768020.387,6416997.573,4.876
xsC-7,1768016.851,6416997.276,5.097
xsC-8,1768014.446,6416997.255,4.961
xsC-9,1768013.426,6416997.006,4.562
xsC-10,1768011.18,6416996.585,4.487
xsC-11,1768008.839,6416995.908,4.505
xsC-12,1768004.665,6416995.69,4.254
xsC-13,1768004.669,6416995.668,4.534
xsC-14,1767998.327,6416996.726,3.917
xsC-15,1767993.313,6416996.225,4.465
xsC-16,1767985.99,6416996.131,4.464
xsC-17,1767983.061,6416995.833,4.485
xsC-18,1767982.337,6416996.28,4.877
xsC-19,1767980.292,6416996.356,4.974
xsC-20,1767977.758,6416996.34,5.32
xsC-21,1767976.817,6416996.112,5.585
xsC-22,1767975.789,6416996.279,6.263
xsC-23pin,1767973.373,6416995.87,6.209
xsC-24,1767970.418,6416996.396,6.296
xsC-25,1767959.008,6416999.67,6.133
xsC-26,1767946.599,6417002.661,6.2
xsC-27,1767933.568,6417004.841,6.096
xsC-28,1767919.715,6417008.598,6.219
xsC-29,1767904.415,6417010.116,6.022
xsC-30,1767891.735,6417011.887,5.89
xsC-31,1767888.416,6417011.648,5.313
xsC-32,1767886.816,6417011.305,5.618
xsC-33,1767872.964,6417007.464,5.863
xsC-34,1767856.605,6417005.771,6.137
xsC-35,1767839.482,6417006.502,6.062
xsC-36,1767826.145,6417006.758,6.021
xsC-37,1767812.721,6417009.648,6.05
xsD-1,1767812.199,6417064.095,6.024
xsD-2,1767824.731,6417062.983,6.048
xsD-3,1767841.185,6417062.433,6.151
xsD-4,1767858.137,6417060.927,5.824
xsD-5,1767871.389,6417059.087,6.157
xsD-6,1767888.645,6417059.611,6.014
xsD-7,1767903.154,6417059.88,6.17
xsD-8,1767920.267,6417059.346,6.204
xsD-9,1767934.192,6417056.818,6.124
xsD-10,1767946.429,6417055.377,5.741
xsD-11,1767961.98,6417052.114,5.987
xsD-12,1767979.856,6417047.575,5.887
xsD-13,1767991.503,6417042.275,5.825
xsD-14,1767996.141,6417040.544,5.601
xsD-15pin,1767998.531,6417039.742,5.66
xsD-16,1768002.548,6417038.865,5.403
xsD-17,1768000.375,6417039.055,5.644
xsD-18,1768004.875,6417038.95,5.01
xsD-19,1768006.124,6417038.797,4.874
xsD-20,1768008.865,6417038.844,4.88
xsD-21,1768012.068,6417038.981,4.725
xsD-22,1768015.685,6417039.257,4.538
xsD-23,1768018.546,6417039.306,4.385
xsD-24,1768020.268,6417039.357,4.377
xsD-25,1768021.311,6417039.311,4.212
xsD-26,1768024.434,6417039.472,3.99
xsD-27,1768027.497,6417040.153,3.951
xsD-28,1768027.465,6417039.575,6.858
BMpost-1,1766270.146,6418508.937,8.528
BMpost-2,1766270.191,6418508.948,8.557
BMpost-3,1766270.171,6418508.978,8.573
BMpost-4,1766270.14,6418508.969,8.554
BMpost-5,1766270.137,6418508.953,8.522
