Site,Transect_ID,Point_ID,Northing,Easting,Distance_AlongTransect_m,Distance_AlongTransect_ft,Elevation_ft,Elevation_m,Date,...11,...12,...13,FID,MSL,MHHW,z_star
SanPablo,S1,S1-0.5a,2234502.491,5993852.632,0,0,5.598,1.706273812547625,3/6/2026,NA,NA,NA,152,3.395,6.25,0.771628722
SanPablo,S1,S1-0.5b,2234502.444,5993852.147,0.148520802,0.4872719982774074,5.652,1.722733045466091,3/6/2026,NA,NA,NA,152,3.395,6.25,0.790542907
SanPablo,S1,S1-0.5c,2234502.43,5993851.731,0.2752540211017836,0.9030625675647684,5.653,1.7230378460756919,3/6/2026,NA,NA,NA,152,3.395,6.25,0.79089317
SanPablo,S1,S1-2a,2234507.511,5993851.495,1.5688549278331831,5.147151542399369,5.549,1.6913385826771654,3/6/2026,NA,NA,NA,152,3.395,6.25,0.754465849
SanPablo,S1,S1-2b,2234507.314,5993850.998,1.5521291325319586,5.092276995648601,5.644,1.7202946405892812,3/6/2026,NA,NA,NA,152,3.395,6.25,0.787740806
SanPablo,S1,S1-2c,2234507.55,5993850.379,1.6879870418766603,5.538004153223676,5.758,1.7550419100838202,3/6/2026,NA,NA,NA,152,3.395,6.25,0.827670753
SanPablo,S1,S1-6a,2234520.533,5993853.097,5.501038742138109,18.04799127316478,5.993,1.8266700533401066,3/6/2026,NA,NA,NA,152,3.395,6.25,0.909982487
SanPablo,S1,S1-6b,2234520.581,5993852.826,5.514160085295454,18.091040213173503,5.989,1.8254508509017016,3/6/2026,NA,NA,NA,152,3.395,6.25,0.908581436
SanPablo,S1,S1-6c,2234520.51,5993852.46,5.4924523929140205,18.01982089241875,6.004,1.8300228600457198,3/6/2026,NA,NA,NA,152,3.395,6.25,0.913835377
SanPablo,S1,S1-12a,2234540.43,5993853.227,11.565252352582934,37.94366542676585,6.159,1.877266954533909,3/6/2026,NA,NA,NA,152,3.395,6.25,0.968126095
SanPablo,S1,S1-12b,2234540.484,5993852.826,11.580440527951605,37.99349529878789,6.2,1.889763779527559,3/6/2026,NA,NA,NA,152,3.395,6.25,0.982486865
SanPablo,S1,S1-12c,2234540.484,5993852.324,11.580670079830014,37.99424842024231,6.185,1.8851917703835406,3/6/2026,NA,NA,NA,152,3.395,6.25,0.977232925
SanPablo,S1,S1-18a,2234559.905,5993854.474,17.50882620134651,57.44354062891767,6.489,1.9778511557023113,3/6/2026,NA,NA,NA,152,3.395,6.25,1.083712785
SanPablo,S1,S1-18b,2234559.894,5993854.081,17.50204277543799,57.42128533908281,6.523,1.9882143764287528,3/6/2026,NA,NA,NA,152,3.395,6.25,1.095621716
SanPablo,S1,S1-18c,2234559.905,5993853.634,17.502487035120943,57.42274288,6.535,1.9918719837439673,3/6/2026,NA,NA,NA,152,3.395,6.25,1.099824869
SanPablo,S1,S1-24a,2234579.207,5993855.209,23.396272395891394,76.75927035218702,6.48,1.9751079502159004,3/6/2026,NA,NA,NA,152,3.395,6.25,1.08056042
SanPablo,S1,S1-24b,2234579.088,5993854.814,23.356283286032912,76.62807274759298,6.512,1.984861569723139,3/6/2026,NA,NA,NA,152,3.395,6.25,1.091768827
SanPablo,S1,S1-24c,2234579.007,5993854.492,23.32901306518314,76.53860369802169,6.48,1.9751079502159004,3/6/2026,NA,NA,NA,152,3.395,6.25,1.08056042
SanPablo,S1,S1-48a,2234657.97,5993858.584,47.424806082484025,155.5928846,6.605,2.013208026416053,3/6/2026,NA,NA,NA,152,3.395,6.25,1.124343257
SanPablo,S1,S1-48b,2234658.124,5993858.194,47.46731687478312,155.7323554466843,6.614,2.0159512319024637,3/6/2026,NA,NA,NA,152,3.395,6.25,1.127495622
SanPablo,S1,S1-48c,2234658.11,5993857.73,47.45821129693243,155.7024815633525,6.609,2.0144272288544576,3/6/2026,NA,NA,NA,152,3.395,6.25,1.125744308
SanPablo,S2,S2-0.5a,2234492.769,5993735.344,0,0,5.667,1.727305054610109,3/6/2026,NA,NA,NA,152,3.395,6.25,0.795796848
SanPablo,S2,S2-0.5b,2234492.811,5993734.913,0.13199133401435284,0.4330415683454227,5.675,1.7297434594869188,3/6/2026,NA,NA,NA,152,3.395,6.25,0.798598949
SanPablo,S2,S2-0.5c,2234492.787,5993734.836,0.15493587921592908,0.5083187970609273,5.649,1.721818643637287,3/6/2026,NA,NA,NA,152,3.395,6.25,0.789492119
SanPablo,S2,S2-2a,2234497.77,5993735.041,1.5271030701250308,5.010170655901872,5.709,1.7401066802133602,3/6/2026,NA,NA,NA,152,3.395,6.25,0.810507881
SanPablo,S2,S2-2b,2234497.619,5993734.437,1.503910701590914,4.93408036,5.748,1.7519939039878079,3/6/2026,NA,NA,NA,152,3.395,6.25,0.824168126
SanPablo,S2,S2-2c,2234497.583,5993734.161,1.5109653648685641,4.957225534572948,5.743,1.750469900939802,3/6/2026,NA,NA,NA,152,3.395,6.25,0.822416813
SanPablo,S2,S2-6a,2234510.741,5993733.79,5.498316605591169,18.039060396843695,5.984,1.8239268478536956,3/6/2026,NA,NA,NA,152,3.395,6.25,0.906830123
SanPablo,S2,S2-6b,2234510.785,5993733.391,5.523458566936386,18.12154698169046,5.95,1.8135636271272542,3/6/2026,NA,NA,NA,152,3.395,6.25,0.894921191
SanPablo,S2,S2-6c,2234510.657,5993732.925,5.501900959524727,18.050820064707377,5.933,1.8083820167640334,3/6/2026,NA,NA,NA,152,3.395,6.25,0.888966725
SanPablo,S2,S2-12a,2234530.539,5993732.008,11.557136398371545,37.91703833365732,6.232,1.899517399034798,3/6/2026,NA,NA,NA,152,3.395,6.25,0.993695271
SanPablo,S2,S2-12b,2234530.505,5993731.659,11.556666632063708,37.91549710869568,6.205,1.8912877825755652,3/6/2026,NA,NA,NA,152,3.395,6.25,0.984238179
SanPablo,S2,S2-12c,2234530.447,5993731.189,11.553896031218052,37.90640723,6.18,1.8836677673355344,3/6/2026,NA,NA,NA,152,3.395,6.25,0.975481611
SanPablo,S2,S2-18a,2234549.877,5993730.299,17.474343327166295,57.33040806587809,6.456,1.9677927355854712,3/6/2026,NA,NA,NA,152,3.395,6.25,1.072154116
SanPablo,S2,S2-18b,2234550.133,5993729.781,17.566607316986598,57.633110839146866,6.456,1.9677927355854712,3/6/2026,NA,NA,NA,152,3.395,6.25,1.072154116
SanPablo,S2,S2-18c,2234550.088,5993729.234,17.56984471177156,57.64373219187053,6.435,1.9613919227838454,3/6/2026,NA,NA,NA,152,3.395,6.25,1.064798599
SanPablo,S2,S2-24a,2234569.826,5993728.593,23.576986690955362,77.35216383524272,6.562,2.0001016002032004,3/6/2026,NA,NA,NA,152,3.395,6.25,1.109281961
SanPablo,S2,S2-24b,2234569.868,5993728.207,23.60029328269982,77.42862887832433,6.555,1.9979679959359917,3/6/2026,NA,NA,NA,152,3.395,6.25,1.106830123
SanPablo,S2,S2-24c,2234569.895,5993727.828,23.619412306321895,77.49135520832442,6.534,1.9915671831343662,3/6/2026,NA,NA,NA,152,3.395,6.25,1.099474606
SanPablo,S2,S2-48a,2234647.93,5993721.445,47.48253328303888,155.78227794610342,6.607,2.0138176276352553,3/6/2026,NA,NA,NA,152,3.395,6.25,1.125043783
SanPablo,S2,S2-48b,2234647.904,5993721.132,47.48324845388506,155.78462430245457,6.637,2.0229616459232918,3/6/2026,NA,NA,NA,152,3.395,6.25,1.135551664
SanPablo,S2,S2-48c,2234648.035,5993720.695,47.53533731123392,155.95551916193995,6.629,2.0205232410464817,3/6/2026,NA,NA,NA,152,3.395,6.25,1.132749562
CorteMadera,C1,C1-48a,2167132.639,5983689.6,46.30276642223178,151.91165950360542,5.684,1.732486665,3/6/2026,NA,Version:24.00,Units:USSurveyFeet,512,3.32,6.07,0.859636364
CorteMadera,C1,C1-48b,2167132.173,5983689.705,46.32273832210246,151.97718397843116,5.613,1.7108458216916433,3/6/2026,NA,NA,NA,512,3.32,6.07,0.833818182
CorteMadera,C1,C1-48c,2167131.764,5983689.874,46.31874655801015,151.9640876657383,5.599,1.7065786131572263,3/6/2026,NA,NA,NA,512,3.32,6.07,0.828727273
CorteMadera,C1,C1-24a,2167159.439,5983759.837,23.39004689109885,76.73884550854682,5.643,1.7199898399796798,3/6/2026,NA,NA,NA,512,3.32,6.07,0.844727273
CorteMadera,C1,C1-24b,2167158.914,5983760.08,23.376171195834385,76.69332166499998,5.638,1.7184658369316737,3/6/2026,NA,NA,NA,512,3.32,6.07,0.842909091
CorteMadera,C1,C1-24c,2167158.47,5983760.156,23.40234878,76.77920596061823,5.624,1.7141986283972566,3/6/2026,NA,NA,NA,512,3.32,6.07,0.837818182
CorteMadera,C1,C1-18a,2167166.319,5983778.41,17.353123871164257,56.93270723397807,5.511,1.679756159512319,3/6/2026,NA,NA,NA,512,3.32,6.07,0.796727273
CorteMadera,C1,C1-18b,2167165.936,5983778.728,17.30264199674981,56.76708461767001,5.478,1.6696977393954786,3/6/2026,NA,NA,NA,512,3.32,6.07,0.784727273
CorteMadera,C1,C1-18c,2167165.502,5983779.418,17.153134112600497,56.276574167756806,5.484,1.671526543053086,3/6/2026,NA,NA,NA,512,3.32,6.07,0.786909091
CorteMadera,C1,C1-12a,2167172.977,5983797.024,11.327720595429964,37.164363320173145,5.385,1.6413512827025651,3/6/2026,NA,NA,NA,512,3.32,6.07,0.750909091
CorteMadera,C1,C1-12b,2167172.601,5983797.241,11.306017661710014,37.09315961,5.396,1.6447040894081788,3/6/2026,NA,NA,NA,512,3.32,6.07,0.754909091
CorteMadera,C1,C1-12c,2167172.013,5983797.441,11.314522679839325,37.121063158772856,5.443,1.659029718059436,3/6/2026,NA,NA,NA,512,3.32,6.07,0.772
CorteMadera,C1,C1-6a,2167179.617,5983815.127,5.450466165104332,17.882071076679797,5.461,1.664516129032258,3/6/2026,NA,NA,NA,512,3.32,6.07,0.778545455
CorteMadera,C1,C1-6b,2167179.19,5983814.717,5.613382875222721,18.41657364979321,5.453,1.6620777241554483,3/6/2026,NA,NA,NA,512,3.32,6.07,0.775636364
CorteMadera,C1,C1-6c,2167178.715,5983814.884,5.620126896,18.438699656404722,5.423,1.6529337058674116,3/6/2026,NA,NA,NA,512,3.32,6.07,0.764727273
CorteMadera,C1,C1-2a,2167184.363,5983827.391,1.4439228787427056,4.737270311341693,5.401,1.6462280924561847,3/6/2026,NA,NA,NA,512,3.32,6.07,0.756727273
CorteMadera,C1,C1-2b,2167183.739,5983827.638,1.4453620802990452,4.741992091781118,5.407,1.6480568961137922,3/6/2026,NA,NA,NA,512,3.32,6.07,0.758909091
CorteMadera,C1,C1-2c,2167183.33,5983827.622,1.5085086876118006,4.949165585939716,5.401,1.6462280924561847,3/6/2026,NA,NA,NA,512,3.32,6.07,0.756727273
CorteMadera,C1,C1-0.5a,2167185.822,5983831.898,0,0,5.444,1.6593345186690371,3/6/2026,NA,NA,NA,512,3.32,6.07,0.772363636
CorteMadera,C1,C1-0.5b,2167185.146,5983831.997,0.2082430689532448,0.6832108020574373,5.474,1.6684785369570738,3/6/2026,NA,NA,NA,512,3.32,6.07,0.783272727
CorteMadera,C1,C1-0.5c,2167184.582,5983831.953,0.3783243562938479,1.2412191589407329,5.451,1.6614681229362456,3/6/2026,NA,NA,NA,512,3.32,6.07,0.774909091
CorteMadera,C2,C2-0.5a,2167077.919,5983895.255,0,0,5.319,1.621234442468885,3/6/2026,NA,NA,NA,512,3.32,6.07,0.726909091
CorteMadera,C2,C2-0.5b,2167077.544,5983895.463,0.1307054531381059,0.42882280750393575,5.378,1.6392176784353567,3/6/2026,NA,NA,NA,512,3.32,6.07,0.748363636
CorteMadera,C2,C2-0.5c,2167077.186,5983895.635,0.2516569763633934,0.8256445966188999,5.412,1.6495808991617982,3/6/2026,NA,NA,NA,512,3.32,6.07,0.760727273
CorteMadera,C2,C2-2a,2167075.59,5983891.581,1.3258832473238216,4.350001953928238,5.434,1.656286512573025,3/6/2026,NA,NA,NA,512,3.32,6.07,0.768727273
CorteMadera,C2,C2-2b,2167075.202,5983891.731,1.3562998676319462,4.449793815722477,5.428,1.6544577089154178,3/6/2026,NA,NA,NA,512,3.32,6.07,0.766545455
CorteMadera,C2,C2-2c,2167074.875,5983891.799,1.4037341161924148,4.605417679541281,5.432,1.6556769113538228,3/6/2026,NA,NA,NA,512,3.32,6.07,0.768
CorteMadera,C2,C2-6a,2167069.797,5983879.828,5.314023699613622,17.43442608781569,5.454,1.6623825247650494,3/6/2026,NA,NA,NA,512,3.32,6.07,0.776
CorteMadera,C2,C2-6b,2167069.338,5983879.865,5.370770630302889,17.620603309585398,5.488,1.6727457454914911,3/6/2026,NA,NA,NA,512,3.32,6.07,0.788363636
CorteMadera,C2,C2-6c,2167068.786,5983880.149,5.380425150573233,17.652278181505682,5.471,1.6675641351282702,3/6/2026,NA,NA,NA,512,3.32,6.07,0.782181818
CorteMadera,C2,C2-12a,2167061.203,5983862.263,11.273077309249924,36.985087805430794,5.462,1.664820929641859,3/6/2026,NA,NA,NA,512,3.32,6.07,0.778909091
CorteMadera,C2,C2-12b,2167060.75,5983862.496,11.273200604835235,36.98549231769694,5.463,1.6651257302514604,3/6/2026,NA,NA,NA,512,3.32,6.07,0.779272727
CorteMadera,C2,C2-12c,2167060.318,5983862.727,11.272950662390391,36.98467229819248,5.465,1.6657353314706629,3/6/2026,NA,NA,NA,512,3.32,6.07,0.78
CorteMadera,C2,C2-18a,2167052.415,5983844.29,17.370653972052764,56.990220573309784,5.454,1.6623825247650494,3/6/2026,NA,NA,NA,512,3.32,6.07,0.776
CorteMadera,C2,C2-18b,2167052.063,5983844.521,17.356170766269233,56.942703589001646,5.47,1.6672593345186688,3/6/2026,NA,NA,NA,512,3.32,6.07,0.781818182
CorteMadera,C2,C2-18c,2167051.699,5983844.896,17.305367745351415,56.77602734454044,5.503,1.6773177546355091,3/6/2026,NA,NA,NA,512,3.32,6.07,0.793818182
CorteMadera,C2,C2-24a,2167043.625,5983827.08,23.26071840445717,76.31454029862323,5.51,1.6794513589027176,3/6/2026,NA,NA,NA,512,3.32,6.07,0.796363636
CorteMadera,C2,C2-24b,2167043.232,5983827.296,23.25613401189764,76.29949967070084,5.526,1.6843281686563372,3/6/2026,NA,NA,NA,512,3.32,6.07,0.802181818
CorteMadera,C2,C2-24c,2167042.918,5983827.452,23.257538458470485,76.30410742583192,5.496,1.6751841503683007,3/6/2026,NA,NA,NA,512,3.32,6.07,0.791272727
CorteMadera,C2,C2-48a,2167007.426,5983757.142,47.26322798016171,155.0627737982472,5.51,1.6794513589027176,3/6/2026,NA,NA,NA,512,3.32,6.07,0.796363636
CorteMadera,C2,C2-48b,2167007.039,5983757.312,47.27087557636883,155.0878642868034,5.519,1.6821945643891287,3/6/2026,NA,NA,NA,512,3.32,6.07,0.799636364
CorteMadera,C2,C2-48c,2167006.734,5983757.426,47.28255987275515,155.1261985158642,5.489,1.673050546101092,3/6/2026,NA,NA,NA,512,3.32,6.07,0.788727273
Buck'sLanding,B1,B1-48a,2198385.482,5984794.752,47.35309875857647,155.35762484376298,6.092,1.856845313690627,3/6/2026,NA,NA,NA,567,3.326,6.152,0.978768577
Buck'sLanding,B1,B1-48b,2198385.305,5984795.209,47.40055872326602,155.5133330779153,6.072,1.850749301498603,3/6/2026,NA,NA,NA,567,3.326,6.152,0.971691437
Buck'sLanding,B1,B1-48c,2198385.246,5984795.745,47.41150747959574,155.54925412264038,6.075,1.8516637033274066,3/6/2026,NA,NA,NA,567,3.326,6.152,0.972753008
Buck'sLanding,B1,B1-24a,2198464.097,5984799.402,23.35247706690908,76.61558517701755,6.116,1.8641605283210565,3/6/2026,NA,NA,NA,567,3.326,6.152,0.987261146
Buck'sLanding,B1,B1-24b,2198463.964,5984799.903,23.388003677656858,76.73214206577921,6.132,1.8690373380746759,3/6/2026,NA,NA,NA,567,3.326,6.152,0.992922859
Buck'sLanding,B1,B1-24c,2198463.899,5984800.554,23.40282127426747,76.78075613,6.14,1.8714757429514857,3/6/2026,NA,NA,NA,567,3.326,6.152,0.995753715
Buck'sLanding,B1,B1-18a,2198483.602,5984800.149,17.40300393742748,57.09635541804333,6.147,1.8736093472186943,3/6/2026,NA,NA,NA,567,3.326,6.152,0.998230715
Buck'sLanding,B1,B1-18b,2198483.557,5984800.542,17.41291147951008,57.128860412359316,6.15,1.8745237490474982,3/6/2026,NA,NA,NA,567,3.326,6.152,0.999292286
Buck'sLanding,B1,B1-18c,2198483.528,5984801.068,17.41795164612685,57.145396359001175,6.17,1.8806197612395223,3/6/2026,NA,NA,NA,567,3.326,6.152,1.006369427
Buck'sLanding,B1,B1-12a,2198503.084,5984801.059,11.458999255656481,37.59506672459964,6.064,1.8483108966217932,3/6/2026,NA,NA,NA,567,3.326,6.152,0.96886058
Buck'sLanding,B1,B1-12b,2198503.113,5984801.369,11.447789173455208,37.55828831,6.057,1.8461772923545847,3/6/2026,NA,NA,NA,567,3.326,6.152,0.966383581
Buck'sLanding,B1,B1-12c,2198503.087,5984801.825,11.45363743997083,37.57747550097097,6.046,1.8428244856489713,3/6/2026,NA,NA,NA,567,3.326,6.152,0.962491154
Buck'sLanding,B1,B1-6a,2198522.795,5984802.38,5.446597630845158,17.869379060531156,5.951,1.8138684277368553,3/6/2026,NA,NA,NA,567,3.326,6.152,0.928874735
Buck'sLanding,B1,B1-6b,2198522.836,5984802.983,5.439495914705515,17.846079513496345,5.926,1.806248412496825,3/6/2026,NA,NA,NA,567,3.326,6.152,0.920028309
Buck'sLanding,B1,B1-6c,2198522.84,5984803.638,5.4511586868185775,17.88434312500395,5.923,1.8053340106680213,3/6/2026,NA,NA,NA,567,3.326,6.152,0.918966737
Buck'sLanding,B1,B1-2a,2198535.633,5984802.497,1.5366250291255132,5.041410616389288,5.813,1.7718059436118871,3/6/2026,NA,NA,NA,567,3.326,6.152,0.880042463
Buck'sLanding,B1,B1-2b,2198535.667,5984802.937,1.5411840382636526,5.056367965536667,5.838,1.7794259588519177,3/6/2026,NA,NA,NA,567,3.326,6.152,0.888888889
Buck'sLanding,B1,B1-2c,2198535.588,5984803.477,1.598253785614908,5.243604294971577,5.797,1.7669291338582676,3/6/2026,NA,NA,NA,567,3.326,6.152,0.87438075
Buck'sLanding,B1,B1-0.5a,2198540.663,5984802.158,0,0,5.428,1.6544577089154178,3/6/2026,NA,NA,NA,567,3.326,6.152,0.743807502
Buck'sLanding,B1,B1-0.5b,2198540.759,5984802.715,0.1722770686783111,0.5652123494887591,5.446,1.6599441198882396,3/6/2026,NA,NA,NA,567,3.326,6.152,0.750176929
Buck'sLanding,B1,B1-0.5c,2198540.879,5984803.241,0.3366004920234876,1.104330114247059,5.45,1.6611633223266447,3/6/2026,NA,NA,NA,567,3.326,6.152,0.751592357
Buck'sLanding,B2,B2-0.5a,2198543.373,5984839.572,0.002810123,0.009219545,5.356,1.6325120650241298,3/6/2026,NA,NA,NA,567,3.326,6.152,0.718329795
Buck'sLanding,B2,B2-0.5a,2198543.367,5984839.579,0,0,5.365,1.635255270510541,3/6/2026,NA,NA,NA,567,3.326,6.152,0.721514508
Buck'sLanding,B2,B2-0.5b,2198543.277,5984840.128,0.16956915629705338,0.5563281402845827,5.391,1.6431800863601727,3/6/2026,NA,NA,NA,567,3.326,6.152,0.730714791
Buck'sLanding,B2,B2-0.5c,2198543.278,5984840.123,0.16801592758129075,0.5512322557396181,5.383,1.6407416814833629,3/6/2026,NA,NA,NA,567,3.326,6.152,0.727883935
Buck'sLanding,B2,B2-0.5d,2198543.202,5984840.579,0.30892184609636847,1.0135210900678355,5.373,1.6376936753873508,3/6/2026,NA,NA,NA,567,3.326,6.152,0.724345364
Buck'sLanding,B2,B2-2a,2198538.801,5984838.884,1.4077492921158692,4.618590802550147,5.818,1.773329946659893,3/6/2026,NA,NA,NA,567,3.326,6.152,0.881811748
Buck'sLanding,B2,B2-2b,2198538.617,5984839.458,1.4482725652929223,4.751540907965196,5.792,1.7654051308102614,3/6/2026,NA,NA,NA,567,3.326,6.152,0.872611465
Buck'sLanding,B2,B2-2c,2198538.559,5984839.865,1.4680717486029424,4.816498728541487,5.806,1.7696723393446787,3/6/2026,NA,NA,NA,567,3.326,6.152,0.877565464
Buck'sLanding,B2,B2-6a,2198525.55,5984837.765,5.458706488259692,17.90910620356534,6.049,1.843738887477775,3/6/2026,NA,NA,NA,567,3.326,6.152,0.963552725
Buck'sLanding,B2,B2-6b,2198525.48,5984838.139,5.469607397469177,17.944870269863458,6.035,1.8394716789433578,3/6/2026,NA,NA,NA,567,3.326,6.152,0.958598726
Buck'sLanding,B2,B2-6c,2198525.426,5984838.569,5.477086149013466,17.96940680722168,6.029,1.8376428752857505,3/6/2026,NA,NA,NA,567,3.326,6.152,0.956475584
Buck'sLanding,B2,B2-12a,2198505.959,5984835.267,11.477480580176964,37.655700870130595,6.037,1.8400812801625601,3/6/2026,NA,NA,NA,567,3.326,6.152,0.95930644
Buck'sLanding,B2,B2-12b,2198505.924,5984835.649,11.475340789767694,37.64868057442951,6.023,1.835814071628143,3/6/2026,NA,NA,NA,567,3.326,6.152,0.954352442
Buck'sLanding,B2,B2-12c,2198505.877,5984836.204,11.473185357051605,37.64160895892681,5.978,1.8220980441960881,3/6/2026,NA,NA,NA,567,3.326,6.152,0.938428875
Buck'sLanding,B2,B2-18a,2198486.581,5984832.524,17.441475027593697,57.222572653030326,6.008,1.8312420624841248,3/6/2026,NA,NA,NA,567,3.326,6.152,0.949044586
Buck'sLanding,B2,B2-18b,2198486.466,5984832.948,17.460829445971267,57.286071273990736,5.994,1.8269748539497077,3/6/2026,NA,NA,NA,567,3.326,6.152,0.944090587
Buck'sLanding,B2,B2-18c,2198486.393,5984833.457,17.465674839752513,57.301968203421374,6.038,1.8403860807721615,3/6/2026,NA,NA,NA,567,3.326,6.152,0.959660297
Buck'sLanding,B2,B2-24a,2198467.187,5984830.254,23.393020906131618,76.74860275620016,5.993,1.8266700533401066,3/6/2026,NA,NA,NA,567,3.326,6.152,0.94373673
Buck'sLanding,B2,B2-24b,2198466.913,5984830.867,23.454031717833026,76.94876906092385,6.002,1.8294132588265175,3/6/2026,NA,NA,NA,567,3.326,6.152,0.946921444
Buck'sLanding,B2,B2-24c,2198466.939,5984831.164,23.436077861569853,76.88986545083377,6.052,1.8446532893065783,3/6/2026,NA,NA,NA,567,3.326,6.152,0.964614296
Buck'sLanding,B2,B2-48a,2198388.96,5984820.979,47.40358175842642,155.52325115243735,6.042,1.8416052832105663,3/6/2026,NA,NA,NA,567,3.326,6.152,0.961075725
Buck'sLanding,B2,B2-48b,2198388.79,5984821.492,47.436600265984275,155.6315793726501,6.078,1.8525781051562102,3/6/2026,NA,NA,NA,567,3.326,6.152,0.973814579
Buck'sLanding,B2,B2-48c,2198388.71,5984821.855,47.44809446460967,155.66928992264022,6.068,1.849530099060198,3/6/2026,NA,NA,NA,567,3.326,6.152,0.970276008
GiantMarsh,G2,G2-48a,2188582.477,6026065.539,47.29836353,155.17804768688234,6.146,1.8733045466090932,4/17/2026,NA,NA,NA,549,3.352,6.221,0.973858487
GiantMarsh,G2,G2-48b,2188582.956,6026065.392,47.28494288407532,155.13401677883712,6.224,1.8970789941579882,4/17/2026,NA,NA,NA,549,3.352,6.221,1.001045661
GiantMarsh,G2,G2-48c,2188583.74,6026065.174,47.27076120202496,155.08748904364356,6.18,1.8836677673355344,4/17/2026,NA,NA,NA,549,3.352,6.221,0.985709306
GiantMarsh,G2,G2-24a,2188565.974,6025988.936,23.414425164105342,76.81882655923562,6.351,1.9357886715773431,4/17/2026,NA,NA,NA,549,3.352,6.221,1.045311955
GiantMarsh,G2,G2-24b,2188566.379,6025988.837,23.41023589145738,76.80508225388975,6.367,1.9406654813309625,4/17/2026,NA,NA,NA,549,3.352,6.221,1.050888811
GiantMarsh,G2,G2-24c,2188566.768,6025988.808,23.426542850842104,76.85858266980448,6.35,1.9354838709677418,4/17/2026,NA,NA,NA,549,3.352,6.221,1.044963402
GiantMarsh,G2,G2-18a,2188562.051,6025970.27,17.600759213408857,57.74515751932556,6.434,1.9610871221742443,4/17/2026,NA,NA,NA,549,3.352,6.221,1.074241896
GiantMarsh,G2,G2-18b,2188562.604,6025970.082,17.579509458178237,57.675440614039765,6.403,1.9516383032766063,4/17/2026,NA,NA,NA,549,3.352,6.221,1.063436738
GiantMarsh,G2,G2-18c,2188563.104,6025969.802,17.529120131320038,57.51012163083916,6.426,1.9586487172974345,4/17/2026,NA,NA,NA,549,3.352,6.221,1.071453468
GiantMarsh,G2,G2-12a,2188558.28,6025950.272,11.399261017939777,37.39907552302409,6.343,1.9333502667005333,4/17/2026,NA,NA,NA,549,3.352,6.221,1.042523527
GiantMarsh,G2,G2-12b,2188558.629,6025950.302,11.43104924018463,37.50336738217241,6.35,1.9354838709677418,4/17/2026,NA,NA,NA,549,3.352,6.221,1.044963402
GiantMarsh,G2,G2-12c,2188559.023,6025950.273,11.449372699316172,37.56348359767314,6.338,1.9318262636525272,4/17/2026,NA,NA,NA,549,3.352,6.221,1.04078076
GiantMarsh,G2,G2-6a,2188554.138,6025930.885,5.356749416341912,17.574602043448422,6.367,1.9406654813309625,4/17/2026,NA,NA,NA,549,3.352,6.221,1.050888811
GiantMarsh,G2,G2-6b,2188554.614,6025930.897,5.3929680761710905,17.693429429904654,6.376,1.9434086868173737,4/17/2026,NA,NA,NA,549,3.352,6.221,1.054025793
GiantMarsh,G2,G2-6c,2188555.091,6025930.744,5.384395251829661,17.66530342204448,6.389,1.9473710947421894,4/17/2026,NA,NA,NA,549,3.352,6.221,1.058556988
GiantMarsh,G2,G2-2a,2188551.486,6025918.817,1.5906818443337452,5.218762017618296,6.764,2.0616713233426465,4/17/2026,NA,NA,NA,549,3.352,6.221,1.189264552
GiantMarsh,G2,G2-2b,2188551.937,6025918.745,1.6036699918616482,5.261373964966091,6.739,2.054051308102616,4/17/2026,NA,NA,NA,549,3.352,6.221,1.180550715
GiantMarsh,G2,G2-2c,2188552.386,6025918.807,1.6662771358466497,5.466777569856884,6.747,2.0564897129794257,4/17/2026,NA,NA,NA,549,3.352,6.221,1.183339143
GiantMarsh,G2,G2-0.5a,2188550.407,6025913.711,0,0,6.679,2.0357632715265432,4/17/2026,NA,NA,NA,549,3.352,6.221,1.159637504
GiantMarsh,G2,G2-0.5b,2188550.822,6025913.546,0.13612341991840468,0.44659825351563276,6.697,2.041249682499365,4/17/2026,NA,NA,NA,549,3.352,6.221,1.165911467
GiantMarsh,G2,G2-0.5c,2188551.246,6025913.756,0.25609527868615534,0.840205927,6.732,2.0519177038354077,4/17/2026,NA,NA,NA,549,3.352,6.221,1.17811084
GiantMarsh,G1,G1-0.5a,2188642.939,6025897.496,0,0,6.783,2.067462535,4/17/2026,NA,NA,NA,549,3.352,6.221,1.195887069
GiantMarsh,G1,G1-0.5b,2188643.285,6025897.569,0.10778268472705585,0.3536170248086824,6.779,2.066243332486665,4/17/2026,NA,NA,NA,549,3.352,6.221,1.194492855
GiantMarsh,G1,G1-0.5c,2188643.731,6025897.712,0.25021883863678374,0.8209263064275146,6.75,2.0574041148082296,4/17/2026,NA,NA,NA,549,3.352,6.221,1.184384803
GiantMarsh,G1,G1-2a,2188643.598,6025902.101,1.4179062928825865,4.651914229232286,6.622,2.0183896367792733,4/17/2026,NA,NA,NA,549,3.352,6.221,1.139769955
GiantMarsh,G1,G1-2b,2188643.941,6025901.999,1.4060863095769378,4.613134834,6.625,2.019304038608077,4/17/2026,NA,NA,NA,549,3.352,6.221,1.140815615
GiantMarsh,G1,G1-2c,2188644.445,6025902.175,1.498214430969085,4.915391845604407,6.624,2.0189992379984756,4/17/2026,NA,NA,NA,549,3.352,6.221,1.140467062
GiantMarsh,G1,G1-6a,2188644.431,6025915.337,5.456929893806435,17.90327749326328,6.471,1.9723647447294894,4/17/2026,NA,NA,NA,549,3.352,6.221,1.087138376
GiantMarsh,G1,G1-6b,2188644.919,6025915.457,5.507688155148302,18.069806889015723,6.494,1.9793751587503172,4/17/2026,NA,NA,NA,549,3.352,6.221,1.095155106
GiantMarsh,G1,G1-6c,2188645.499,6025915.517,5.547957561996354,18.201924101316372,6.484,1.9763271526543051,4/17/2026,NA,NA,NA,549,3.352,6.221,1.091669571
GiantMarsh,G1,G1-12a,2188646.065,6025935.093,11.49913082140036,37.726731703211016,6.371,1.9418846837693675,4/17/2026,NA,NA,NA,549,3.352,6.221,1.052283025
GiantMarsh,G1,G1-12b,2188646.389,6025935.049,11.494379385616833,37.71114303431123,6.396,1.9495046990093978,4/17/2026,NA,NA,NA,549,3.352,6.221,1.060996863
GiantMarsh,G1,G1-12c,2188646.95,6025935.051,11.511888268762116,37.76858676176371,6.423,1.9577343154686309,4/17/2026,NA,NA,NA,549,3.352,6.221,1.070407808
GiantMarsh,G1,G1-18a,2188647.389,6025954.855,17.535593592754687,57.53135998,6.424,1.9580391160782322,4/17/2026,NA,NA,NA,549,3.352,6.221,1.070756361
GiantMarsh,G1,G1-18b,2188647.844,6025954.876,17.553243030189297,57.589264841546054,6.365,1.9400558801117602,4/17/2026,NA,NA,NA,549,3.352,6.221,1.050191704
GiantMarsh,G1,G1-18c,2188648.433,6025955.072,17.62891423170634,57.83752944185655,6.348,1.9348742697485393,4/17/2026,NA,NA,NA,549,3.352,6.221,1.044266295
GiantMarsh,G1,G1-24a,2188649.061,6025974.19,23.45073479402216,76.93795240338771,6.365,1.9400558801117602,4/17/2026,NA,NA,NA,549,3.352,6.221,1.050191704
GiantMarsh,G1,G1-24b,2188649.519,6025974.149,23.44980436212452,76.93489981140354,6.387,1.9467614935229869,4/17/2026,NA,NA,NA,549,3.352,6.221,1.057859881
GiantMarsh,G1,G1-24c,2188649.963,6025974.164,23.466319230634426,76.98908234250645,6.405,1.952247904495809,4/17/2026,NA,NA,NA,549,3.352,6.221,1.064133845
GiantMarsh,G1,G1-48a,2188654.001,6026053.053,47.53360189869639,155.94982556263975,6.147,1.8736093472186943,4/17/2026,NA,NA,NA,549,3.352,6.221,0.974207041
GiantMarsh,G1,G1-48b,2188654.709,6026052.902,47.50350282071231,155.8510755,6.101,1.8595885191770383,4/17/2026,NA,NA,NA,549,3.352,6.221,0.95817358
GiantMarsh,G1,G1-48c,2188655.32,6026052.781,47.48116587162983,155.7777916971722,6.188,1.8861061722123442,4/17/2026,NA,NA,NA,549,3.352,6.221,0.988497734
