Study.Phase,Site,Tran,Dist,Replicate,Date.placed.in.field,Date.removed.from.field,Year,Flux,Filter_Num,RB_Num,Flood_Obsv,BigBio_Obsv,SmallBio_Obsv,Drop_Obsv,OpenBag_Obsv,Position_Obsv,DryTime_Obsv,NegValue_Num,Master_Flag,marsh_edge_type,marsh_orientation,Phen_Period,Marsh_Area,Point_ID,Elevation_m,z_star,Month,Species,Cover,AvgHt,MaxHt
M7,Buck'sLanding,T1,0.5,a,2026-01-22,2026-02-21,2026,0.819536615,0,0,0,0,0,0,0,0,0,0,OK,Ramped,East.facing,"Wet
(Months 7-9)",Edge,B1-0.5a,1.6544577089154178,0.743807502,February,SAPA,50,48,53.5
M7,Buck'sLanding,T1,0.5,b,2026-01-22,2026-02-21,2026,0.454174502,0,0,0,0,0,0,0,0,0,0,OK,Ramped,East.facing,"Wet
(Months 7-9)",Edge,B1-0.5b,1.6599441198882396,0.750176929,February,SAPA,50,48,53.5
M7,Buck'sLanding,T1,0.5,c,2026-01-22,2026-02-21,2026,0.377884922,0,0,0,0,0,0,0,0,0,0,OK,Ramped,East.facing,"Wet
(Months 7-9)",Edge,B1-0.5c,1.6611633223266449,0.751592357,February,SAPA,50,48,53.5
M7,Buck'sLanding,T1,2,a,2026-01-22,2026-02-21,2026,0.38076674,0,0,0,0,0,0,0,0,0,0,OK,Ramped,East.facing,"Wet
(Months 7-9)",Edge,B1-2a,1.7718059436118871,0.880042463,February,SAPA,55,34,39
M7,Buck'sLanding,T1,2,b,2026-01-22,2026-02-21,2026,0.501436315,0,0,0,0,0,0,0,0,0,0,OK,Ramped,East.facing,"Wet
(Months 7-9)",Edge,B1-2b,1.7794259588519177,0.888888889,February,SAPA,55,34,39
M7,Buck'sLanding,T1,2,c,2026-01-22,2026-02-21,2026,0.667952993,0,0,0,0,0,0,1,0,0,0,Review,Ramped,East.facing,"Wet
(Months 7-9)",Edge,B1-2c,1.7669291338582676,0.87438075,February,SAPA,55,34,39
M7,Buck'sLanding,T1,6,a,2026-01-22,2026-02-21,2026,1.787879827,0,0,0,0,0,0,0,0,0,0,OK,Ramped,East.facing,"Wet
(Months 7-9)",Edge,B1-6a,1.8138684277368553,0.928874735,February,SAPA,80,31,33
M7,Buck'sLanding,T1,6,b,2026-01-22,2026-02-21,2026,1.640907114,0,0,0,0,0,0,0,0,0,0,OK,Ramped,East.facing,"Wet
(Months 7-9)",Edge,B1-6b,1.806248412496825,0.920028309,February,SAPA,80,31,33
M7,Buck'sLanding,T1,6,c,2026-01-22,2026-02-21,2026,1.60171439,0,0,0,0,0,0,0,0,0,0,OK,Ramped,East.facing,"Wet
(Months 7-9)",Edge,B1-6c,1.8053340106680211,0.918966737,February,SAPA,80,31,33
M7,Buck'sLanding,T1,12,a,2026-01-22,2026-02-21,2026,1.143819724,0,0,0,0,0,0,0,0,0,0,OK,Ramped,East.facing,"Wet
(Months 7-9)",Platform,B1-12a,1.8483108966217932,0.96886058,February,SAPA,90,34,41.5
M7,Buck'sLanding,T1,12,b,2026-01-22,2026-02-21,2026,0.670939605,0,0,0,0,0,0,0,0,0,0,OK,Ramped,East.facing,"Wet
(Months 7-9)",Platform,B1-12b,1.8461772923545847,0.966383581,February,SAPA,90,34,41.5
M7,Buck'sLanding,T1,12,c,2026-01-22,2026-02-21,2026,0.923858423,0,0,0,0,0,0,0,0,0,0,OK,Ramped,East.facing,"Wet
(Months 7-9)",Platform,B1-12c,1.8428244856489713,0.962491154,February,SAPA,90,34,41.5
M7,Buck'sLanding,T1,18,a,2026-01-22,2026-02-21,2026,0.923858423,0,0,0,0,0,0,0,0,0,0,OK,Ramped,East.facing,"Wet
(Months 7-9)",Platform,B1-18a,1.8736093472186943,0.998230715,February,TRIG,50,15,18.5
M7,Buck'sLanding,T1,18,a,2026-01-22,2026-02-21,2026,0.923858423,0,0,0,0,0,0,0,0,0,0,OK,Ramped,East.facing,"Wet
(Months 7-9)",Platform,B1-18a,1.8736093472186943,0.998230715,February,SAPA,20,25,36
M7,Buck'sLanding,T1,18,b,2026-01-22,2026-02-21,2026,0.679847042,0,0,0,0,0,0,0,0,0,0,OK,Ramped,East.facing,"Wet
(Months 7-9)",Platform,B1-18b,1.8745237490474984,0.999292286,February,TRIG,50,15,18.5
M7,Buck'sLanding,T1,18,b,2026-01-22,2026-02-21,2026,0.679847042,0,0,0,0,0,0,0,0,0,0,OK,Ramped,East.facing,"Wet
(Months 7-9)",Platform,B1-18b,1.8745237490474984,0.999292286,February,SAPA,20,25,36
M7,Buck'sLanding,T1,18,c,2026-01-22,2026-02-21,2026,0.732924888,0,0,0,0,1,0,0,0,0,0,Review,Ramped,East.facing,"Wet
(Months 7-9)",Platform,B1-18c,1.8806197612395223,1.006369427,February,TRIG,50,15,18.5
M7,Buck'sLanding,T1,18,c,2026-01-22,2026-02-21,2026,0.732924888,0,0,0,0,1,0,0,0,0,0,Review,Ramped,East.facing,"Wet
(Months 7-9)",Platform,B1-18c,1.8806197612395223,1.006369427,February,SAPA,20,25,36
M7,Buck'sLanding,T1,24,a,2026-01-22,2026-02-21,2026,0.181292544,0,0,0,0,0,0,0,0,0,0,OK,Ramped,East.facing,"Wet
(Months 7-9)",Platform,B1-24a,1.8641605283210565,0.987261146,February,TRIG,55,13,18.5
M7,Buck'sLanding,T1,24,a,2026-01-22,2026-02-21,2026,0.181292544,0,0,0,0,0,0,0,0,0,0,OK,Ramped,East.facing,"Wet
(Months 7-9)",Platform,B1-24a,1.8641605283210565,0.987261146,February,SAPA,30,29,36
M7,Buck'sLanding,T1,24,b,2026-01-22,2026-02-21,2026,1.152989145,1,0,0,0,0,0,0,0,0,0,Review,Ramped,East.facing,"Wet
(Months 7-9)",Platform,B1-24b,1.869037338074676,0.992922859,February,TRIG,55,13,18.5
M7,Buck'sLanding,T1,24,b,2026-01-22,2026-02-21,2026,1.152989145,1,0,0,0,0,0,0,0,0,0,Review,Ramped,East.facing,"Wet
(Months 7-9)",Platform,B1-24b,1.869037338074676,0.992922859,February,SAPA,30,29,36
M7,Buck'sLanding,T1,24,c,2026-01-22,2026-02-21,2026,0.414981778,0,0,0,0,0,0,0,0,0,0,OK,Ramped,East.facing,"Wet
(Months 7-9)",Platform,B1-24c,1.8714757429514857,0.995753715,February,TRIG,55,13,18.5
M7,Buck'sLanding,T1,24,c,2026-01-22,2026-02-21,2026,0.414981778,0,0,0,0,0,0,0,0,0,0,OK,Ramped,East.facing,"Wet
(Months 7-9)",Platform,B1-24c,1.8714757429514857,0.995753715,February,SAPA,30,29,36
M7,Buck'sLanding,T1,48,a,2026-01-22,2026-02-21,2026,1.124799726,0,0,0,0,0,0,0,0,0,0,OK,Ramped,East.facing,"Wet
(Months 7-9)",Upland,B1-48a,1.856845313690627,0.978768577,February,SAPA,70,36,38
M7,Buck'sLanding,T1,48,b,2026-01-22,2026-02-21,2026,0.942826024,0,0,0,0,0,0,0,0,0,0,OK,Ramped,East.facing,"Wet
(Months 7-9)",Upland,B1-48b,1.850749301498603,0.971691437,February,SAPA,70,36,38
M7,Buck'sLanding,T1,48,c,2026-01-22,2026-02-21,2026,1.0151858520000001,0,0,0,0,0,0,0,0,0,0,OK,Ramped,East.facing,"Wet
(Months 7-9)",Upland,B1-48c,1.8516637033274064,0.972753008,February,SAPA,70,36,38
M7,Buck'sLanding,T2,0.5,a,2026-01-22,2026-02-21,2026,2.023979308,0,0,0,0,0,0,0,0,0,0,OK,Ramped,East.facing,"Wet
(Months 7-9)",Edge,B2-0.5a,1.6338836677673354,0.7199221515,February,JACA,60,26,32
M7,Buck'sLanding,T2,0.5,a,2026-01-22,2026-02-21,2026,2.023979308,0,0,0,0,0,0,0,0,0,0,OK,Ramped,East.facing,"Wet
(Months 7-9)",Edge,B2-0.5a,1.6338836677673354,0.7199221515,February,SPFO,10,66,75
M7,Buck'sLanding,T2,0.5,a,2026-01-22,2026-02-21,2026,2.023979308,0,0,0,0,0,0,0,0,0,0,OK,Ramped,East.facing,"Wet
(Months 7-9)",Edge,B2-0.5a,1.6338836677673354,0.7199221515,February,SAPA,40,40,59
M7,Buck'sLanding,T2,0.5,b,2026-01-22,2026-02-21,2026,1.66359488,0,0,0,0,0,0,0,0,0,0,OK,Ramped,East.facing,"Wet
(Months 7-9)",Edge,B2-0.5b,1.6431800863601729,0.730714791,February,JACA,60,26,32
M7,Buck'sLanding,T2,0.5,b,2026-01-22,2026-02-21,2026,1.66359488,0,0,0,0,0,0,0,0,0,0,OK,Ramped,East.facing,"Wet
(Months 7-9)",Edge,B2-0.5b,1.6431800863601729,0.730714791,February,SPFO,10,66,75
M7,Buck'sLanding,T2,0.5,b,2026-01-22,2026-02-21,2026,1.66359488,0,0,0,0,0,0,0,0,0,0,OK,Ramped,East.facing,"Wet
(Months 7-9)",Edge,B2-0.5b,1.6431800863601729,0.730714791,February,SAPA,40,40,59
M7,Buck'sLanding,T2,0.5,c,2026-01-22,2026-02-21,2026,4.838572259,0,0,0,0,0,0,0,0,0,0,OK,Ramped,East.facing,"Wet
(Months 7-9)",Edge,B2-0.5c,1.6407416814833629,0.727883935,February,JACA,60,26,32
M7,Buck'sLanding,T2,0.5,c,2026-01-22,2026-02-21,2026,4.838572259,0,0,0,0,0,0,0,0,0,0,OK,Ramped,East.facing,"Wet
(Months 7-9)",Edge,B2-0.5c,1.6407416814833629,0.727883935,February,SPFO,10,66,75
M7,Buck'sLanding,T2,0.5,c,2026-01-22,2026-02-21,2026,4.838572259,0,0,0,0,0,0,0,0,0,0,OK,Ramped,East.facing,"Wet
(Months 7-9)",Edge,B2-0.5c,1.6407416814833629,0.727883935,February,SAPA,40,40,59
M7,Buck'sLanding,T2,2,a,2026-01-22,2026-02-21,2026,0.777724057,0,0,0,0,0,0,0,0,0,0,OK,Ramped,East.facing,"Wet
(Months 7-9)",Edge,B2-2a,1.773329946659893,0.881811748,February,SAPA,80,35,40
M7,Buck'sLanding,T2,2,b,2026-01-22,2026-02-21,2026,0.143252548,0,0,0,0,0,0,0,0,0,0,OK,Ramped,East.facing,"Wet
(Months 7-9)",Edge,B2-2b,1.7654051308102614,0.872611465,February,SAPA,80,35,40
M7,Buck'sLanding,T2,2,c,2026-01-22,2026-02-21,2026,0.268061462,0,0,0,0,0,0,0,0,0,0,OK,Ramped,East.facing,"Wet
(Months 7-9)",Edge,B2-2c,1.7696723393446787,0.877565464,February,SAPA,80,35,40
M7,Buck'sLanding,T2,6,a,2026-01-22,2026-02-21,2026,2.366810845,0,0,0,0,0,0,0,0,0,0,OK,Ramped,East.facing,"Wet
(Months 7-9)",Edge,B2-6a,1.843738887477775,0.963552725,February,SAPA,80,37,42
M7,Buck'sLanding,T2,6,b,2026-01-22,2026-02-21,2026,1.36860152,0,0,0,0,0,0,0,0,0,0,OK,Ramped,East.facing,"Wet
(Months 7-9)",Edge,B2-6b,1.8394716789433576,0.958598726,February,SAPA,80,37,42
M7,Buck'sLanding,T2,6,c,2026-01-22,2026-02-21,2026,2.079729386,0,0,0,0,0,0,0,0,0,0,OK,Ramped,East.facing,"Wet
(Months 7-9)",Edge,B2-6c,1.8376428752857503,0.956475584,February,SAPA,80,37,42
M7,Buck'sLanding,T2,12,a,2026-01-22,2026-02-21,2026,1.238395748,0,0,0,0,0,0,0,0,0,0,OK,Ramped,East.facing,"Wet
(Months 7-9)",Platform,B2-12a,1.84008128016256,0.95930644,February,SAPA,75,32,35
M7,Buck'sLanding,T2,12,b,2026-01-22,2026-02-21,2026,1.004444531,0,0,0,0,0,0,0,0,0,0,OK,Ramped,East.facing,"Wet
(Months 7-9)",Platform,B2-12b,1.835814071628143,0.954352442,February,SAPA,75,32,35
M7,Buck'sLanding,T2,12,c,2026-01-22,2026-02-21,2026,1.713319338,0,0,0,0,0,0,0,0,0,0,OK,Ramped,East.facing,"Wet
(Months 7-9)",Platform,B2-12c,1.822098044196088,0.938428875,February,SAPA,75,32,35
M7,Buck'sLanding,T2,24,a,2026-01-22,2026-02-21,2026,0.950895115,0,0,0,0,0,0,0,0,0,0,OK,Ramped,East.facing,"Wet
(Months 7-9)",Platform,B2-24a,1.8266700533401063,0.94373673,February,SAPA,65,42,55
M7,Buck'sLanding,T2,24,b,2026-01-22,2026-02-21,2026,0.712594972,0,0,0,0,0,0,0,0,0,0,OK,Ramped,East.facing,"Wet
(Months 7-9)",Platform,B2-24b,1.8294132588265175,0.946921444,February,SAPA,65,42,55
M7,Buck'sLanding,T2,24,c,2026-01-22,2026-02-21,2026,1.0334199,0,0,0,0,0,0,0,0,0,0,OK,Ramped,East.facing,"Wet
(Months 7-9)",Platform,B2-24c,1.8446532893065783,0.964614296,February,SAPA,65,42,55
M7,Buck'sLanding,T2,48,a,2026-01-22,2026-02-21,2026,0.790823229,0,0,0,0,0,0,0,0,0,0,OK,Ramped,East.facing,"Wet
(Months 7-9)",Upland,B2-48a,1.8416052832105665,0.961075725,February,SAPA,70,38,42
M7,Buck'sLanding,T2,48,b,2026-01-22,2026-02-21,2026,0.907825036,0,0,0,0,0,0,0,0,0,0,OK,Ramped,East.facing,"Wet
(Months 7-9)",Upland,B2-48b,1.8525781051562105,0.973814579,February,SAPA,70,38,42
M7,Buck'sLanding,T2,48,c,2026-01-22,2026-02-21,2026,0.93454734800000006,0,0,0,0,0,0,0,0,0,0,OK,Ramped,East.facing,"Wet
(Months 7-9)",Upland,B2-48c,1.849530099060198,0.970276008,February,SAPA,70,38,42
M7,GiantMarsh,T1,0.5,a,2026-01-23,2026-02-20,2026,0.17891598,0,0,0,0,0,0,0,0,0,0,OK,Scarped,West.facing,"Wet
(Months 7-9)",Edge,G1-0.5a,2.067462535,1.195887069,February,DISP,60,15,20.5
M7,GiantMarsh,T1,0.5,a,2026-01-23,2026-02-20,2026,0.17891598,0,0,0,0,0,0,0,0,0,0,OK,Scarped,West.facing,"Wet
(Months 7-9)",Edge,G1-0.5a,2.067462535,1.195887069,February,SAPA,40,26,29
M7,GiantMarsh,T1,0.5,b,2026-01-23,2026-02-20,2026,0.161175958,0,0,0,0,0,0,0,0,0,0,OK,Scarped,West.facing,"Wet
(Months 7-9)",Edge,G1-0.5b,2.066243332486665,1.194492855,February,DISP,60,15,20.5
M7,GiantMarsh,T1,0.5,b,2026-01-23,2026-02-20,2026,0.161175958,0,0,0,0,0,0,0,0,0,0,OK,Scarped,West.facing,"Wet
(Months 7-9)",Edge,G1-0.5b,2.066243332486665,1.194492855,February,SAPA,40,26,29
M7,GiantMarsh,T1,0.5,c,2026-01-23,2026-02-20,2026,0.228037876,0,0,0,0,0,0,0,0,0,0,OK,Scarped,West.facing,"Wet
(Months 7-9)",Edge,G1-0.5c,2.0574041148082296,1.184384803,February,DISP,60,15,20.5
M7,GiantMarsh,T1,0.5,c,2026-01-23,2026-02-20,2026,0.228037876,0,0,0,0,0,0,0,0,0,0,OK,Scarped,West.facing,"Wet
(Months 7-9)",Edge,G1-0.5c,2.0574041148082296,1.184384803,February,SAPA,40,26,29
M7,GiantMarsh,T1,2,a,2026-01-23,2026-02-20,2026,4.919824554,0,0,0,0,0,0,0,0,0,0,OK,Scarped,West.facing,"Wet
(Months 7-9)",Edge,G1-2a,2.0183896367792733,1.139769955,February,SAPA,50,29,31
M7,GiantMarsh,T1,2,b,2026-01-23,2026-02-20,2026,11.16268422,0,0,0,0,0,0,0,0,0,0,OK,Scarped,West.facing,"Wet
(Months 7-9)",Edge,G1-2b,2.019304038608077,1.140815615,February,SAPA,50,29,31
M7,GiantMarsh,T1,2,c,2026-01-23,2026-02-20,2026,6.171787301,0,0,0,0,0,0,0,0,0,0,OK,Scarped,West.facing,"Wet
(Months 7-9)",Edge,G1-2c,2.0189992379984756,1.140467062,February,SAPA,50,29,31
M7,GiantMarsh,T1,6,a,2026-01-23,2026-02-20,2026,12.71768696,0,0,0,1,0,0,1,0,0,0,Review,Scarped,West.facing,"Wet
(Months 7-9)",Edge,G1-6a,1.9723647447294896,1.087138376,February,SAPA,80,39,42.5
M7,GiantMarsh,T1,6,b,2026-01-23,2026-02-20,2026,14.02489079,0,0,0,1,0,0,0,0,0,0,Review,Scarped,West.facing,"Wet
(Months 7-9)",Edge,G1-6b,1.9793751587503172,1.095155106,February,SAPA,80,39,42.5
M7,GiantMarsh,T1,6,c,2026-01-23,2026-02-20,2026,17.87767548,0,0,0,1,0,0,0,0,0,0,Review,Scarped,West.facing,"Wet
(Months 7-9)",Edge,G1-6c,1.9763271526543051,1.091669571,February,SAPA,80,39,42.5
M7,GiantMarsh,T1,12,a,2026-01-23,2026-02-20,2026,8.038138656,0,0,0,1,0,0,0,0,0,0,Review,Scarped,West.facing,"Wet
(Months 7-9)",Platform,G1-12a,1.9418846837693675,1.052283025,February,SAPA,60,51,71
M7,GiantMarsh,T1,12,b,2026-01-23,2026-02-20,2026,5.83837594,0,0,0,1,0,0,0,0,0,0,Review,Scarped,West.facing,"Wet
(Months 7-9)",Platform,G1-12b,1.9495046990093976,1.060996863,February,SAPA,60,51,71
M7,GiantMarsh,T1,12,c,2026-01-23,2026-02-20,2026,6.735875086,0,0,0,1,0,0,0,0,0,0,Review,Scarped,West.facing,"Wet
(Months 7-9)",Platform,G1-12c,1.9577343154686309,1.070407808,February,SAPA,60,51,71
M7,GiantMarsh,T1,24,a,2026-01-23,2026-02-20,2026,4.820794811,0,0,0,1,0,0,0,0,0,0,Review,Scarped,West.facing,"Wet
(Months 7-9)",Platform,G1-24a,1.94005588011176,1.050191704,February,SAPA,85,38,44
M7,GiantMarsh,T1,24,b,2026-01-23,2026-02-20,2026,3.453297364,0,0,0,1,0,0,0,0,0,0,Review,Scarped,West.facing,"Wet
(Months 7-9)",Platform,G1-24b,1.9467614935229869,1.057859881,February,SAPA,85,38,44
M7,GiantMarsh,T1,24,c,2026-01-23,2026-02-20,2026,4.112316721,0,0,0,1,0,0,0,0,0,0,Review,Scarped,West.facing,"Wet
(Months 7-9)",Platform,G1-24c,1.952247904495809,1.064133845,February,SAPA,85,38,44
M7,GiantMarsh,T1,48,a,2026-01-23,2026-02-20,2026,1.152708448,0,0,0,0,0,0,0,0,0,0,OK,Scarped,West.facing,"Wet
(Months 7-9)",Upland,G1-48a,1.8736093472186943,0.974207041,February,SAPA,45,36,45
M7,GiantMarsh,T1,48,b,2026-01-23,2026-02-20,2026,1.410275601,0,0,0,0,0,0,0,0,0,0,OK,Scarped,West.facing,"Wet
(Months 7-9)",Upland,G1-48b,1.8595885191770385,0.95817358,February,SAPA,45,36,45
M7,GiantMarsh,T1,48,c,2026-01-23,2026-02-20,2026,2.367170137,0,0,0,0,0,0,0,0,0,0,OK,Scarped,West.facing,"Wet
(Months 7-9)",Upland,G1-48c,1.886106172212344,0.988497734,February,SAPA,45,36,45
M7,GiantMarsh,T2,0.5,a,2026-01-23,2026-02-20,2026,-0.052770951,0,0,0,0,0,0,0,0,0,1,Review,Scarped,West.facing,"Wet
(Months 7-9)",Edge,G2-0.5a,2.0357632715265432,1.159637504,February,SAPA,10,28,28
M7,GiantMarsh,T2,0.5,b,2026-01-23,2026-02-20,2026,0.288949028,0,0,0,0,0,0,0,0,0,0,OK,Scarped,West.facing,"Wet
(Months 7-9)",Edge,G2-0.5b,2.041249682499365,1.165911467,February,SAPA,10,28,28
M7,GiantMarsh,T2,0.5,c,2026-01-23,2026-02-20,2026,-5.836130368,0,0,0,0,0,0,0,0,0,1,Review,Scarped,West.facing,"Wet
(Months 7-9)",Edge,G2-0.5c,2.0519177038354077,1.17811084,February,SAPA,10,28,28
M7,GiantMarsh,T2,2,a,2026-01-23,2026-02-20,2026,10.97310177,0,0,0,0,0,0,0,0,0,0,OK,Scarped,West.facing,"Wet
(Months 7-9)",Edge,G2-2a,2.0616713233426465,1.189264552,February,SAPA,50,23.5,29
M7,GiantMarsh,T2,2,b,2026-01-23,2026-02-20,2026,36.153547090000004,0,0,0,0,0,0,0,0,0,0,OK,Scarped,West.facing,"Wet
(Months 7-9)",Edge,G2-2b,2.054051308102616,1.180550715,February,SAPA,50,23.5,29
M7,GiantMarsh,T2,2,c,2026-01-23,2026-02-20,2026,2.897293639,0,0,0,0,0,0,0,0,0,0,OK,Scarped,West.facing,"Wet
(Months 7-9)",Edge,G2-2c,2.0564897129794257,1.183339143,February,SAPA,50,23.5,29
M7,GiantMarsh,T2,6,a,2026-01-23,2026-02-20,2026,58.14084461,0,0,0,1,0,0,1,0,0,0,Review,Scarped,West.facing,"Wet
(Months 7-9)",Edge,G2-6a,1.9406654813309625,1.050888811,February,SAPA,90,33,37.5
M7,GiantMarsh,T2,6,b,2026-01-23,2026-02-20,2026,40.76106867,0,0,0,1,0,0,0,0,0,0,Review,Scarped,West.facing,"Wet
(Months 7-9)",Edge,G2-6b,1.9434086868173737,1.054025793,February,SAPA,90,33,37.5
M7,GiantMarsh,T2,6,c,2026-01-23,2026-02-20,2026,44.55159486,0,0,0,1,0,0,0,0,0,0,Review,Scarped,West.facing,"Wet
(Months 7-9)",Edge,G2-6c,1.9473710947421896,1.058556988,February,SAPA,90,33,37.5
M7,GiantMarsh,T2,12,a,2026-01-23,2026-02-20,2026,10.75219359,0,0,0,1,0,0,0,0,0,0,Review,Scarped,West.facing,"Wet
(Months 7-9)",Platform,G2-12a,1.9333502667005331,1.042523527,February,SAPA,90,39,45.5
M7,GiantMarsh,T2,12,b,2026-01-23,2026-02-20,2026,10.25227303,0,0,0,1,0,0,0,0,0,0,Review,Scarped,West.facing,"Wet
(Months 7-9)",Platform,G2-12b,1.9354838709677415,1.044963402,February,SAPA,90,39,45.5
M7,GiantMarsh,T2,12,c,2026-01-23,2026-02-20,2026,10.88732091,0,0,0,1,0,0,0,0,0,0,Review,Scarped,West.facing,"Wet
(Months 7-9)",Platform,G2-12c,1.9318262636525272,1.04078076,February,SAPA,90,39,45.5
M7,GiantMarsh,T2,24,a,2026-01-23,2026-02-20,2026,5.4203065,0,0,0,1,0,0,0,0,0,0,Review,Scarped,West.facing,"Wet
(Months 7-9)",Platform,G2-24a,1.9357886715773431,1.045311955,February,SAPA,70,41,46
M7,GiantMarsh,T2,24,b,2026-01-23,2026-02-20,2026,4.787391922,0,0,0,1,0,0,0,0,0,0,Review,Scarped,West.facing,"Wet
(Months 7-9)",Platform,G2-24b,1.9406654813309625,1.050888811,February,SAPA,70,41,46
M7,GiantMarsh,T2,24,c,2026-01-23,2026-02-20,2026,4.532294898,0,0,0,1,0,0,0,0,0,0,Review,Scarped,West.facing,"Wet
(Months 7-9)",Platform,G2-24c,1.9354838709677415,1.044963402,February,SAPA,70,41,46
M7,GiantMarsh,T2,48,a,2026-01-23,2026-02-20,2026,5.033675074,0,0,0,0,0,0,0,0,0,0,OK,Scarped,West.facing,"Wet
(Months 7-9)",Upland,G2-48a,1.8733045466090932,0.973858487,February,SAPA,90,37,43
M7,GiantMarsh,T2,48,b,2026-01-23,2026-02-20,2026,2.740159711,0,0,0,0,0,0,0,0,0,0,OK,Scarped,West.facing,"Wet
(Months 7-9)",Upland,G2-48b,1.897078994157988,1.001045661,February,SAPA,90,37,43
M7,GiantMarsh,T2,48,c,2026-01-23,2026-02-20,2026,3.950803927,0,0,0,0,0,0,0,0,0,0,OK,Scarped,West.facing,"Wet
(Months 7-9)",Upland,G2-48c,1.8836677673355344,0.985709306,February,SAPA,90,37,43
M7,CorteMadera,T1,0.5,a,2026-01-10,2026-02-07,2026,0.165442546,0,0,0,0,0,0,0,0,0,0,OK,Scarped,East.facing,"Wet
(Months 7-9)",Edge,C1-0.5a,1.6593345186690371,0.772363636,February,JACA,70,14,15
M7,CorteMadera,T1,0.5,a,2026-01-10,2026-02-07,2026,0.165442546,0,0,0,0,0,0,0,0,0,0,OK,Scarped,East.facing,"Wet
(Months 7-9)",Edge,C1-0.5a,1.6593345186690371,0.772363636,February,SAPA,15,22,25
M7,CorteMadera,T1,0.5,b,2026-01-10,2026-02-07,2026,0.059114693,0,0,0,0,0,0,0,0,0,0,OK,Scarped,East.facing,"Wet
(Months 7-9)",Edge,C1-0.5b,1.6684785369570738,0.783272727,February,JACA,70,14,15
M7,CorteMadera,T1,0.5,b,2026-01-10,2026-02-07,2026,0.059114693,0,0,0,0,0,0,0,0,0,0,OK,Scarped,East.facing,"Wet
(Months 7-9)",Edge,C1-0.5b,1.6684785369570738,0.783272727,February,SAPA,15,22,25
M7,CorteMadera,T1,0.5,c,2026-01-10,2026-02-07,2026,0.317411658,0,0,0,0,0,0,0,0,0,0,OK,Scarped,East.facing,"Wet
(Months 7-9)",Edge,C1-0.5c,1.6614681229362456,0.774909091,February,JACA,70,14,15
M7,CorteMadera,T1,0.5,c,2026-01-10,2026-02-07,2026,0.317411658,0,0,0,0,0,0,0,0,0,0,OK,Scarped,East.facing,"Wet
(Months 7-9)",Edge,C1-0.5c,1.6614681229362456,0.774909091,February,SAPA,15,22,25
M7,CorteMadera,T1,2,a,2026-01-10,2026-02-07,2026,1.005398899,0,0,0,0,0,0,0,0,0,0,OK,Scarped,East.facing,"Wet
(Months 7-9)",Edge,C1-2a,1.6462280924561847,0.756727273,February,SAPA,10,35,35
M7,CorteMadera,T1,2,a,2026-01-10,2026-02-07,2026,1.005398899,0,0,0,0,0,0,0,0,0,0,OK,Scarped,East.facing,"Wet
(Months 7-9)",Edge,C1-2a,1.6462280924561847,0.756727273,February,JACA,70,15,17.5
M7,CorteMadera,T1,2,b,2026-01-10,2026-02-07,2026,0.009655961,0,0,0,0,0,0,0,0,0,0,OK,Scarped,East.facing,"Wet
(Months 7-9)",Edge,C1-2b,1.6480568961137922,0.758909091,February,SAPA,10,35,35
M7,CorteMadera,T1,2,b,2026-01-10,2026-02-07,2026,0.009655961,0,0,0,0,0,0,0,0,0,0,OK,Scarped,East.facing,"Wet
(Months 7-9)",Edge,C1-2b,1.6480568961137922,0.758909091,February,JACA,70,15,17.5
M7,CorteMadera,T1,2,c,2026-01-10,2026-02-07,2026,2.168549259,0,0,0,0,0,0,0,0,0,0,OK,Scarped,East.facing,"Wet
(Months 7-9)",Edge,C1-2c,1.6462280924561847,0.756727273,February,SAPA,10,35,35
M7,CorteMadera,T1,2,c,2026-01-10,2026-02-07,2026,2.168549259,0,0,0,0,0,0,0,0,0,0,OK,Scarped,East.facing,"Wet
(Months 7-9)",Edge,C1-2c,1.6462280924561847,0.756727273,February,JACA,70,15,17.5
M7,CorteMadera,T1,6,a,2026-01-10,2026-02-07,2026,3.204993196,0,0,0,0,0,0,0,0,0,0,OK,Scarped,East.facing,"Wet
(Months 7-9)",Edge,C1-6a,1.664516129032258,0.778545455,February,DISP,90,25,31
M7,CorteMadera,T1,6,a,2026-01-10,2026-02-07,2026,3.204993196,0,0,0,0,0,0,0,0,0,0,OK,Scarped,East.facing,"Wet
(Months 7-9)",Edge,C1-6a,1.664516129032258,0.778545455,February,SAPA,15,31,30.5
M7,CorteMadera,T1,6,b,2026-01-10,2026-02-07,2026,6.58020078,0,0,0,0,0,0,0,0,0,0,OK,Scarped,East.facing,"Wet
(Months 7-9)",Edge,C1-6b,1.6620777241554483,0.775636364,February,DISP,90,25,31
M7,CorteMadera,T1,6,b,2026-01-10,2026-02-07,2026,6.58020078,0,0,0,0,0,0,0,0,0,0,OK,Scarped,East.facing,"Wet
(Months 7-9)",Edge,C1-6b,1.6620777241554483,0.775636364,February,SAPA,15,31,30.5
M7,CorteMadera,T1,6,c,2026-01-10,2026-02-07,2026,2.230920032,0,0,0,0,0,0,0,0,0,0,OK,Scarped,East.facing,"Wet
(Months 7-9)",Edge,C1-6c,1.6529337058674116,0.764727273,February,DISP,90,25,31
M7,CorteMadera,T1,6,c,2026-01-10,2026-02-07,2026,2.230920032,0,0,0,0,0,0,0,0,0,0,OK,Scarped,East.facing,"Wet
(Months 7-9)",Edge,C1-6c,1.6529337058674116,0.764727273,February,SAPA,15,31,30.5
M7,CorteMadera,T1,12,a,2026-01-10,2026-02-07,2026,4.203711518,0,0,0,0,0,0,0,0,0,0,OK,Scarped,East.facing,"Wet
(Months 7-9)",Platform,C1-12a,1.6413512827025651,0.750909091,February,SAPA,50,53,62
M7,CorteMadera,T1,12,a,2026-01-10,2026-02-07,2026,4.203711518,0,0,0,0,0,0,0,0,0,0,OK,Scarped,East.facing,"Wet
(Months 7-9)",Platform,C1-12a,1.6413512827025651,0.750909091,February,SPFO,15,71,98
M7,CorteMadera,T1,12,b,2026-01-10,2026-02-07,2026,6.303770819,0,0,0,0,0,0,0,0,0,0,OK,Scarped,East.facing,"Wet
(Months 7-9)",Platform,C1-12b,1.6447040894081788,0.754909091,February,SAPA,50,53,62
M7,CorteMadera,T1,12,b,2026-01-10,2026-02-07,2026,6.303770819,0,0,0,0,0,0,0,0,0,0,OK,Scarped,East.facing,"Wet
(Months 7-9)",Platform,C1-12b,1.6447040894081788,0.754909091,February,SPFO,15,71,98
M7,CorteMadera,T1,12,c,2026-01-10,2026-02-07,2026,5.357655031,0,0,0,0,0,0,0,0,0,0,OK,Scarped,East.facing,"Wet
(Months 7-9)",Platform,C1-12c,1.659029718059436,0.772,February,SAPA,50,53,62
M7,CorteMadera,T1,12,c,2026-01-10,2026-02-07,2026,5.357655031,0,0,0,0,0,0,0,0,0,0,OK,Scarped,East.facing,"Wet
(Months 7-9)",Platform,C1-12c,1.659029718059436,0.772,February,SPFO,15,71,98
M7,CorteMadera,T1,24,a,2026-01-10,2026-02-07,2026,6.405551387,0,0,0,0,0,0,0,0,0,0,OK,Scarped,East.facing,"Wet
(Months 7-9)",Platform,C1-24a,1.7199898399796798,0.844727273,February,SAPA,70,46,56
M7,CorteMadera,T1,24,a,2026-01-10,2026-02-07,2026,6.405551387,0,0,0,0,0,0,0,0,0,0,OK,Scarped,East.facing,"Wet
(Months 7-9)",Platform,C1-24a,1.7199898399796798,0.844727273,February,SPFO,30,68,74
M7,CorteMadera,T1,24,b,2026-01-10,2026-02-07,2026,5.224492588,0,0,0,0,0,0,0,0,0,0,OK,Scarped,East.facing,"Wet
(Months 7-9)",Platform,C1-24b,1.7184658369316737,0.842909091,February,SAPA,70,46,56
M7,CorteMadera,T1,24,b,2026-01-10,2026-02-07,2026,5.224492588,0,0,0,0,0,0,0,0,0,0,OK,Scarped,East.facing,"Wet
(Months 7-9)",Platform,C1-24b,1.7184658369316737,0.842909091,February,SPFO,30,68,74
M7,CorteMadera,T1,24,c,2026-01-10,2026-02-07,2026,6.034863525,0,0,0,0,0,0,0,0,0,0,OK,Scarped,East.facing,"Wet
(Months 7-9)",Platform,C1-24c,1.7141986283972566,0.837818182,February,SAPA,70,46,56
M7,CorteMadera,T1,24,c,2026-01-10,2026-02-07,2026,6.034863525,0,0,0,0,0,0,0,0,0,0,OK,Scarped,East.facing,"Wet
(Months 7-9)",Platform,C1-24c,1.7141986283972566,0.837818182,February,SPFO,30,68,74
M7,CorteMadera,T1,48,a,2026-01-10,2026-02-07,2026,1.855797164,0,0,0,0,0,0,0,0,0,0,OK,Scarped,East.facing,"Wet
(Months 7-9)",Upland,C1-48a,1.732486665,0.859636364,February,DISP,75,34,39
M7,CorteMadera,T1,48,a,2026-01-10,2026-02-07,2026,1.855797164,0,0,0,0,0,0,0,0,0,0,OK,Scarped,East.facing,"Wet
(Months 7-9)",Upland,C1-48a,1.732486665,0.859636364,February,SAPA,15,NA,NA
M7,CorteMadera,T1,48,b,2026-01-10,2026-02-07,2026,2.044481384,0,0,0,0,0,0,0,0,0,0,OK,Scarped,East.facing,"Wet
(Months 7-9)",Upland,C1-48b,1.7108458216916431,0.833818182,February,DISP,75,34,39
M7,CorteMadera,T1,48,b,2026-01-10,2026-02-07,2026,2.044481384,0,0,0,0,0,0,0,0,0,0,OK,Scarped,East.facing,"Wet
(Months 7-9)",Upland,C1-48b,1.7108458216916431,0.833818182,February,SAPA,15,NA,NA
M7,CorteMadera,T1,48,c,2026-01-10,2026-02-07,2026,1.762437492,0,0,0,0,0,0,0,0,0,0,OK,Scarped,East.facing,"Wet
(Months 7-9)",Upland,C1-48c,1.7065786131572265,0.828727273,February,DISP,75,34,39
M7,CorteMadera,T1,48,c,2026-01-10,2026-02-07,2026,1.762437492,0,0,0,0,0,0,0,0,0,0,OK,Scarped,East.facing,"Wet
(Months 7-9)",Upland,C1-48c,1.7065786131572265,0.828727273,February,SAPA,15,NA,NA
M7,CorteMadera,T2,0.5,a,2026-01-10,2026-02-07,2026,0.006006906,0,0,0,0,0,0,0,0,0,0,OK,Scarped,East.facing,"Wet
(Months 7-9)",Edge,C2-0.5a,1.621234442468885,0.726909091,February,SAPA,55,35,39
M7,CorteMadera,T2,0.5,a,2026-01-10,2026-02-07,2026,0.006006906,0,0,0,0,0,0,0,0,0,0,OK,Scarped,East.facing,"Wet
(Months 7-9)",Edge,C2-0.5a,1.621234442468885,0.726909091,February,JACA,50,NA,NA
M7,CorteMadera,T2,0.5,b,2026-01-10,2026-02-07,2026,-0.002245572,0,0,0,0,0,0,0,0,0,1,Review,Scarped,East.facing,"Wet
(Months 7-9)",Edge,C2-0.5b,1.6392176784353567,0.748363636,February,SAPA,55,35,39
M7,CorteMadera,T2,0.5,b,2026-01-10,2026-02-07,2026,-0.002245572,0,0,0,0,0,0,0,0,0,1,Review,Scarped,East.facing,"Wet
(Months 7-9)",Edge,C2-0.5b,1.6392176784353567,0.748363636,February,JACA,50,NA,NA
M7,CorteMadera,T2,0.5,c,2026-01-10,2026-02-07,2026,-0.073598635,0,0,0,0,0,0,0,0,0,1,Review,Scarped,East.facing,"Wet
(Months 7-9)",Edge,C2-0.5c,1.6495808991617982,0.760727273,February,SAPA,55,35,39
M7,CorteMadera,T2,0.5,c,2026-01-10,2026-02-07,2026,-0.073598635,0,0,0,0,0,0,0,0,0,1,Review,Scarped,East.facing,"Wet
(Months 7-9)",Edge,C2-0.5c,1.6495808991617982,0.760727273,February,JACA,50,NA,NA
M7,CorteMadera,T2,2,a,2026-01-10,2026-02-07,2026,0.155505888,0,0,0,0,0,0,0,0,0,0,OK,Scarped,East.facing,"Wet
(Months 7-9)",Edge,C2-2a,1.656286512573025,0.768727273,February,SAPA,30,32,31.5
M7,CorteMadera,T2,2,a,2026-01-10,2026-02-07,2026,0.155505888,0,0,0,0,0,0,0,0,0,0,OK,Scarped,East.facing,"Wet
(Months 7-9)",Edge,C2-2a,1.656286512573025,0.768727273,February,JACA,60,13,15
M7,CorteMadera,T2,2,b,2026-01-10,2026-02-07,2026,0.205301456,0,0,0,0,0,0,0,0,0,0,OK,Scarped,East.facing,"Wet
(Months 7-9)",Edge,C2-2b,1.6544577089154178,0.766545455,February,SAPA,30,32,31.5
M7,CorteMadera,T2,2,b,2026-01-10,2026-02-07,2026,0.205301456,0,0,0,0,0,0,0,0,0,0,OK,Scarped,East.facing,"Wet
(Months 7-9)",Edge,C2-2b,1.6544577089154178,0.766545455,February,JACA,60,13,15
M7,CorteMadera,T2,2,c,2026-01-10,2026-02-07,2026,0.31235912,0,0,0,0,0,0,0,0,0,0,OK,Scarped,East.facing,"Wet
(Months 7-9)",Edge,C2-2c,1.6556769113538228,0.768,February,SAPA,30,32,31.5
M7,CorteMadera,T2,2,c,2026-01-10,2026-02-07,2026,0.31235912,0,0,0,0,0,0,0,0,0,0,OK,Scarped,East.facing,"Wet
(Months 7-9)",Edge,C2-2c,1.6556769113538228,0.768,February,JACA,60,13,15
M7,CorteMadera,T2,6,a,2026-01-10,2026-02-07,2026,6.030260101,0,0,0,0,0,0,0,0,0,0,OK,Scarped,East.facing,"Wet
(Months 7-9)",Edge,C2-6a,1.6623825247650494,0.776,February,SAPA,45,48,57
M7,CorteMadera,T2,6,a,2026-01-10,2026-02-07,2026,6.030260101,0,0,0,0,0,0,0,0,0,0,OK,Scarped,East.facing,"Wet
(Months 7-9)",Edge,C2-6a,1.6623825247650494,0.776,February,SPFO,20,70,81
M7,CorteMadera,T2,6,b,2026-01-10,2026-02-07,2026,5.349065716,0,0,0,0,0,0,0,0,0,0,OK,Scarped,East.facing,"Wet
(Months 7-9)",Edge,C2-6b,1.6727457454914911,0.788363636,February,SAPA,45,48,57
M7,CorteMadera,T2,6,b,2026-01-10,2026-02-07,2026,5.349065716,0,0,0,0,0,0,0,0,0,0,OK,Scarped,East.facing,"Wet
(Months 7-9)",Edge,C2-6b,1.6727457454914911,0.788363636,February,SPFO,20,70,81
M7,CorteMadera,T2,6,c,2026-01-10,2026-02-07,2026,1.492800387,0,0,0,0,0,0,0,0,0,0,OK,Scarped,East.facing,"Wet
(Months 7-9)",Edge,C2-6c,1.6675641351282702,0.782181818,February,SAPA,45,48,57
M7,CorteMadera,T2,6,c,2026-01-10,2026-02-07,2026,1.492800387,0,0,0,0,0,0,0,0,0,0,OK,Scarped,East.facing,"Wet
(Months 7-9)",Edge,C2-6c,1.6675641351282702,0.782181818,February,SPFO,20,70,81
M7,CorteMadera,T2,12,a,2026-01-10,2026-02-07,2026,4.307681519,0,0,0,0,0,0,0,0,0,0,OK,Scarped,East.facing,"Wet
(Months 7-9)",Platform,C2-12a,1.664820929641859,0.778909091,February,SAPA,50,45,57
M7,CorteMadera,T2,12,b,2026-01-10,2026-02-07,2026,4.452745496,0,0,0,0,0,0,0,0,0,0,OK,Scarped,East.facing,"Wet
(Months 7-9)",Platform,C2-12b,1.6651257302514604,0.779272727,February,SAPA,50,45,57
M7,CorteMadera,T2,12,c,2026-01-10,2026-02-07,2026,3.541604498,0,0,0,0,0,0,0,0,0,0,OK,Scarped,East.facing,"Wet
(Months 7-9)",Platform,C2-12c,1.6657353314706629,0.78,February,SAPA,50,45,57
M7,CorteMadera,T2,24,a,2026-01-10,2026-02-07,2026,3.673644155,0,0,0,0,0,0,0,0,0,0,OK,Scarped,East.facing,"Wet
(Months 7-9)",Platform,C2-24a,1.6794513589027176,0.796363636,February,SPFO,15,60,65
M7,CorteMadera,T2,24,a,2026-01-10,2026-02-07,2026,3.673644155,0,0,0,0,0,0,0,0,0,0,OK,Scarped,East.facing,"Wet
(Months 7-9)",Platform,C2-24a,1.6794513589027176,0.796363636,February,SAPA,45,42,52
M7,CorteMadera,T2,24,b,2026-01-10,2026-02-07,2026,3.32748917,0,0,0,0,0,0,0,0,0,0,OK,Scarped,East.facing,"Wet
(Months 7-9)",Platform,C2-24b,1.6843281686563372,0.802181818,February,SPFO,15,60,65
M7,CorteMadera,T2,24,b,2026-01-10,2026-02-07,2026,3.32748917,0,0,0,0,0,0,0,0,0,0,OK,Scarped,East.facing,"Wet
(Months 7-9)",Platform,C2-24b,1.6843281686563372,0.802181818,February,SAPA,45,42,52
M7,CorteMadera,T2,24,c,2026-01-10,2026-02-07,2026,4.002283674,0,0,0,0,0,0,0,0,0,0,OK,Scarped,East.facing,"Wet
(Months 7-9)",Platform,C2-24c,1.6751841503683007,0.791272727,February,SPFO,15,60,65
M7,CorteMadera,T2,24,c,2026-01-10,2026-02-07,2026,4.002283674,0,0,0,0,0,0,0,0,0,0,OK,Scarped,East.facing,"Wet
(Months 7-9)",Platform,C2-24c,1.6751841503683007,0.791272727,February,SAPA,45,42,52
M7,CorteMadera,T2,48,a,2026-01-10,2026-02-07,2026,2.235691873,0,0,0,0,0,0,0,0,0,0,OK,Scarped,East.facing,"Wet
(Months 7-9)",Upland,C2-48a,1.6794513589027176,0.796363636,February,DISP,95,34,44
M7,CorteMadera,T2,48,a,2026-01-10,2026-02-07,2026,2.235691873,0,0,0,0,0,0,0,0,0,0,OK,Scarped,East.facing,"Wet
(Months 7-9)",Upland,C2-48a,1.6794513589027176,0.796363636,February,SPFO,5,58,57.5
M7,CorteMadera,T2,48,b,2026-01-10,2026-02-07,2026,2.001815509,0,0,0,0,0,0,0,0,0,0,OK,Scarped,East.facing,"Wet
(Months 7-9)",Upland,C2-48b,1.6821945643891287,0.799636364,February,DISP,95,34,44
M7,CorteMadera,T2,48,b,2026-01-10,2026-02-07,2026,2.001815509,0,0,0,0,0,0,0,0,0,0,OK,Scarped,East.facing,"Wet
(Months 7-9)",Upland,C2-48b,1.6821945643891287,0.799636364,February,SPFO,5,58,57.5
M7,CorteMadera,T2,48,c,2026-01-10,2026-02-07,2026,1.9309677,0,0,0,0,0,0,0,0,0,0,OK,Scarped,East.facing,"Wet
(Months 7-9)",Upland,C2-48c,1.673050546101092,0.788727273,February,DISP,95,34,44
M7,CorteMadera,T2,48,c,2026-01-10,2026-02-07,2026,1.9309677,0,0,0,0,0,0,0,0,0,0,OK,Scarped,East.facing,"Wet
(Months 7-9)",Upland,C2-48c,1.673050546101092,0.788727273,February,SPFO,5,58,57.5
M7,SanPablo,T1,0.5,a,2026-01-11,2026-02-06,2026,1.540523119,0,0,0,0,0,0,0,0,0,0,OK,Ramped,South.facing,"Wet
(Months 7-9)",Edge,S1-0.5a,1.706273812547625,0.771628722,February,SAPA,65,57,66
M7,SanPablo,T1,0.5,a,2026-01-11,2026-02-06,2026,1.540523119,0,0,0,0,0,0,0,0,0,0,OK,Ramped,South.facing,"Wet
(Months 7-9)",Edge,S1-0.5a,1.706273812547625,0.771628722,February,SPFO,20,NA,NA
M7,SanPablo,T1,0.5,b,2026-01-11,2026-02-06,2026,0.769143092,0,0,0,0,0,0,0,0,0,0,OK,Ramped,South.facing,"Wet
(Months 7-9)",Edge,S1-0.5b,1.722733045466091,0.790542907,February,SAPA,65,57,66
M7,SanPablo,T1,0.5,b,2026-01-11,2026-02-06,2026,0.769143092,0,0,0,0,0,0,0,0,0,0,OK,Ramped,South.facing,"Wet
(Months 7-9)",Edge,S1-0.5b,1.722733045466091,0.790542907,February,SPFO,20,NA,NA
M7,SanPablo,T1,0.5,c,2026-01-11,2026-02-06,2026,0.854267559,0,0,0,0,0,0,0,0,0,0,OK,Ramped,South.facing,"Wet
(Months 7-9)",Edge,S1-0.5c,1.723037846075692,0.79089317,February,SAPA,65,57,66
M7,SanPablo,T1,0.5,c,2026-01-11,2026-02-06,2026,0.854267559,0,0,0,0,0,0,0,0,0,0,OK,Ramped,South.facing,"Wet
(Months 7-9)",Edge,S1-0.5c,1.723037846075692,0.79089317,February,SPFO,20,NA,NA
M7,SanPablo,T1,2,a,2026-01-11,2026-02-06,2026,2.50204267,0,0,0,0,0,0,0,0,0,0,OK,Ramped,South.facing,"Wet
(Months 7-9)",Edge,S1-2a,1.6913385826771654,0.754465849,February,SAPA,70,53,62.5
M7,SanPablo,T1,2,b,2026-01-11,2026-02-06,2026,1.82056327,0,0,0,0,0,0,0,0,0,0,OK,Ramped,South.facing,"Wet
(Months 7-9)",Edge,S1-2b,1.7202946405892812,0.787740806,February,SAPA,70,53,62.5
M7,SanPablo,T1,2,c,2026-01-11,2026-02-06,2026,1.073849991,0,0,0,0,0,0,0,0,0,0,OK,Ramped,South.facing,"Wet
(Months 7-9)",Edge,S1-2c,1.7550419100838202,0.827670753,February,SAPA,70,53,62.5
M7,SanPablo,T1,6,a,2026-01-11,2026-02-06,2026,1.963183027,0,0,0,0,0,0,0,0,0,0,OK,Ramped,South.facing,"Wet
(Months 7-9)",Edge,S1-6a,1.8266700533401063,0.909982487,February,SAPA,50,60,63
M7,SanPablo,T1,6,b,2026-01-11,2026-02-06,2026,1.573835321,0,0,0,0,0,0,0,0,0,0,OK,Ramped,South.facing,"Wet
(Months 7-9)",Edge,S1-6b,1.8254508509017016,0.908581436,February,SAPA,50,60,63
M7,SanPablo,T1,6,c,2026-01-11,2026-02-06,2026,1.672200029,0,0,0,0,0,0,0,0,0,0,OK,Ramped,South.facing,"Wet
(Months 7-9)",Edge,S1-6c,1.83002286004572,0.913835377,February,SAPA,50,60,63
M7,SanPablo,T1,12,a,2026-01-11,2026-02-06,2026,3.939142785,1,0,0,0,0,0,0,0,0,0,Review,Ramped,South.facing,"Wet
(Months 7-9)",Platform,S1-12a,1.877266954533909,0.968126095,February,SAPA,65,50,51
M7,SanPablo,T1,12,b,2026-01-11,2026-02-06,2026,2.784642197,1,0,0,0,0,0,0,0,0,0,Review,Ramped,South.facing,"Wet
(Months 7-9)",Platform,S1-12b,1.889763779527559,0.982486865,February,SAPA,65,50,51
M7,SanPablo,T1,12,c,2026-01-11,2026-02-06,2026,1.603399146,0,0,0,0,0,0,1,0,0,0,Review,Ramped,South.facing,"Wet
(Months 7-9)",Platform,S1-12c,1.8851917703835408,0.977232925,February,SAPA,65,50,51
M7,SanPablo,T1,24,a,2026-01-11,2026-02-06,2026,1.724798244,0,0,0,0,0,0,0,0,0,0,OK,Ramped,South.facing,"Wet
(Months 7-9)",Platform,S1-24a,1.9751079502159004,1.08056042,February,SAPA,85,57,60
M7,SanPablo,T1,24,b,2026-01-11,2026-02-06,2026,1.682175552,0,0,0,0,0,0,0,0,0,0,OK,Ramped,South.facing,"Wet
(Months 7-9)",Platform,S1-24b,1.984861569723139,1.091768827,February,SAPA,85,57,60
M7,SanPablo,T1,24,c,2026-01-11,2026-02-06,2026,1.79722659,0,0,0,0,0,0,0,0,0,0,OK,Ramped,South.facing,"Wet
(Months 7-9)",Platform,S1-24c,1.9751079502159004,1.08056042,February,SAPA,85,57,60
M7,SanPablo,T1,48,a,2026-01-11,2026-02-06,2026,1.288414434,0,0,0,0,0,0,0,0,0,0,OK,Ramped,South.facing,"Wet
(Months 7-9)",Upland,S1-48a,2.013208026416053,1.124343257,February,SAPA,90,56,61.5
M7,SanPablo,T1,48,b,2026-01-11,2026-02-06,2026,1.279043487,0,0,0,0,0,0,0,0,0,0,OK,Ramped,South.facing,"Wet
(Months 7-9)",Upland,S1-48b,2.0159512319024637,1.127495622,February,SAPA,90,56,61.5
M7,SanPablo,T1,48,c,2026-01-11,2026-02-06,2026,1.398387023,0,0,0,0,0,0,0,0,0,0,OK,Ramped,South.facing,"Wet
(Months 7-9)",Upland,S1-48c,2.0144272288544576,1.125744308,February,SAPA,90,56,61.5
M7,SanPablo,T2,0.5,a,2026-01-11,2026-02-06,2026,0.993924888,0,0,0,1,0,0,0,0,0,0,Review,Ramped,South.facing,"Wet
(Months 7-9)",Edge,S2-0.5a,1.727305054610109,0.795796848,February,SPFO,20,67,67.5
M7,SanPablo,T2,0.5,a,2026-01-11,2026-02-06,2026,0.993924888,0,0,0,1,0,0,0,0,0,0,Review,Ramped,South.facing,"Wet
(Months 7-9)",Edge,S2-0.5a,1.727305054610109,0.795796848,February,SAPA,30,52,57
M7,SanPablo,T2,0.5,b,2026-01-11,2026-02-06,2026,1.223180556,0,0,0,0,0,0,0,0,0,0,OK,Ramped,South.facing,"Wet
(Months 7-9)",Edge,S2-0.5b,1.7297434594869188,0.798598949,February,SPFO,20,67,67.5
M7,SanPablo,T2,0.5,b,2026-01-11,2026-02-06,2026,1.223180556,0,0,0,0,0,0,0,0,0,0,OK,Ramped,South.facing,"Wet
(Months 7-9)",Edge,S2-0.5b,1.7297434594869188,0.798598949,February,SAPA,30,52,57
M7,SanPablo,T2,0.5,c,2026-01-11,2026-02-06,2026,0.995738619,0,0,0,0,0,0,0,0,0,0,OK,Ramped,South.facing,"Wet
(Months 7-9)",Edge,S2-0.5c,1.721818643637287,0.789492119,February,SPFO,20,67,67.5
M7,SanPablo,T2,0.5,c,2026-01-11,2026-02-06,2026,0.995738619,0,0,0,0,0,0,0,0,0,0,OK,Ramped,South.facing,"Wet
(Months 7-9)",Edge,S2-0.5c,1.721818643637287,0.789492119,February,SAPA,30,52,57
M7,SanPablo,T2,2,a,2026-01-11,2026-02-06,2026,2.789760951,0,0,0,0,0,0,0,0,0,0,OK,Ramped,South.facing,"Wet
(Months 7-9)",Edge,S2-2a,1.7401066802133602,0.810507881,February,SPFO,20,70,79
M7,SanPablo,T2,2,a,2026-01-11,2026-02-06,2026,2.789760951,0,0,0,0,0,0,0,0,0,0,OK,Ramped,South.facing,"Wet
(Months 7-9)",Edge,S2-2a,1.7401066802133602,0.810507881,February,SAPA,35,55,65.5
M7,SanPablo,T2,2,b,2026-01-11,2026-02-06,2026,1.447418233,0,0,0,0,0,0,0,0,0,0,OK,Ramped,South.facing,"Wet
(Months 7-9)",Edge,S2-2b,1.751993903987808,0.824168126,February,SPFO,20,70,79
M7,SanPablo,T2,2,b,2026-01-11,2026-02-06,2026,1.447418233,0,0,0,0,0,0,0,0,0,0,OK,Ramped,South.facing,"Wet
(Months 7-9)",Edge,S2-2b,1.751993903987808,0.824168126,February,SAPA,35,55,65.5
M7,SanPablo,T2,2,c,2026-01-11,2026-02-06,2026,1.485990257,0,0,0,0,0,0,0,0,0,0,OK,Ramped,South.facing,"Wet
(Months 7-9)",Edge,S2-2c,1.750469900939802,0.822416813,February,SPFO,20,70,79
M7,SanPablo,T2,2,c,2026-01-11,2026-02-06,2026,1.485990257,0,0,0,0,0,0,0,0,0,0,OK,Ramped,South.facing,"Wet
(Months 7-9)",Edge,S2-2c,1.750469900939802,0.822416813,February,SAPA,35,55,65.5
M7,SanPablo,T2,6,a,2026-01-11,2026-02-06,2026,2.291831183,0,0,0,0,0,0,0,0,0,0,OK,Ramped,South.facing,"Wet
(Months 7-9)",Edge,S2-6a,1.8239268478536956,0.906830123,February,SAPA,65,52,62
M7,SanPablo,T2,6,b,2026-01-11,2026-02-06,2026,1.707567794,0,0,0,0,0,0,0,0,0,0,OK,Ramped,South.facing,"Wet
(Months 7-9)",Edge,S2-6b,1.8135636271272544,0.894921191,February,SAPA,65,52,62
M7,SanPablo,T2,6,c,2026-01-11,2026-02-06,2026,2.369761182,0,0,0,0,0,0,0,0,0,0,OK,Ramped,South.facing,"Wet
(Months 7-9)",Edge,S2-6c,1.8083820167640337,0.888966725,February,SAPA,65,52,62
M7,SanPablo,T2,12,a,2026-01-11,2026-02-06,2026,1.151961363,0,0,0,0,0,0,0,0,0,0,OK,Ramped,South.facing,"Wet
(Months 7-9)",Platform,S2-12a,1.899517399034798,0.993695271,February,SAPA,75,54,57
M7,SanPablo,T2,12,b,2026-01-11,2026-02-06,2026,1.127294614,0,0,0,0,0,0,0,0,0,0,OK,Ramped,South.facing,"Wet
(Months 7-9)",Platform,S2-12b,1.8912877825755652,0.984238179,February,SAPA,75,54,57
M7,SanPablo,T2,12,c,2026-01-11,2026-02-06,2026,1.204075917,0,0,0,0,0,0,0,0,0,0,OK,Ramped,South.facing,"Wet
(Months 7-9)",Platform,S2-12c,1.8836677673355344,0.975481611,February,SAPA,75,54,57
M7,SanPablo,T2,24,a,2026-01-11,2026-02-06,2026,2.164084025,0,0,0,0,0,0,0,0,0,0,OK,Ramped,South.facing,"Wet
(Months 7-9)",Platform,S2-24a,2.0001016002032004,1.109281961,February,SAPA,70,57,62.5
M7,SanPablo,T2,24,b,2026-01-11,2026-02-06,2026,2.540251948,0,0,0,0,0,0,0,0,0,0,OK,Ramped,South.facing,"Wet
(Months 7-9)",Platform,S2-24b,1.9979679959359915,1.106830123,February,SAPA,70,57,62.5
M7,SanPablo,T2,24,c,2026-01-11,2026-02-06,2026,2.130953195,0,0,0,0,0,0,0,0,0,0,OK,Ramped,South.facing,"Wet
(Months 7-9)",Platform,S2-24c,1.9915671831343664,1.099474606,February,SAPA,70,57,62.5
M7,SanPablo,T2,48,a,2026-01-11,2026-02-06,2026,1.700010579,0,0,0,0,0,0,0,0,0,0,OK,Ramped,South.facing,"Wet
(Months 7-9)",Upland,S2-48a,2.0138176276352553,1.125043783,February,SAPA,75,47.25,50
M7,SanPablo,T2,48,b,2026-01-11,2026-02-06,2026,2.042201265,0,0,0,0,0,0,1,0,0,0,Review,Ramped,South.facing,"Wet
(Months 7-9)",Upland,S2-48b,2.022961645923292,1.135551664,February,SAPA,75,47.25,50
M7,SanPablo,T2,48,c,2026-01-11,2026-02-06,2026,1.889605984,0,1,0,0,0,0,0,0,0,0,Review,Ramped,South.facing,"Wet
(Months 7-9)",Upland,S2-48c,2.0205232410464817,1.132749562,February,SAPA,75,47.25,50
M7,CorteMadera,T1,18,a,2026-01-10,2026-02-07,2026,4.591914845,0,0,0,0,0,0,0,0,0,0,OK,Scarped,East.facing,"Wet
(Months 7-9)",Platform,C1-18a,1.679756159512319,0.796727273,February,SAPA,65,46,48
M7,CorteMadera,T1,18,a,2026-01-10,2026-02-07,2026,4.591914845,0,0,0,0,0,0,0,0,0,0,OK,Scarped,East.facing,"Wet
(Months 7-9)",Platform,C1-18a,1.679756159512319,0.796727273,February,SPFO,30,73,81
M7,CorteMadera,T1,18,b,2026-01-10,2026-02-07,2026,3.60650154,0,0,0,0,0,0,0,0,0,0,OK,Scarped,East.facing,"Wet
(Months 7-9)",Platform,C1-18b,1.6696977393954786,0.784727273,February,SAPA,65,46,48
M7,CorteMadera,T1,18,b,2026-01-10,2026-02-07,2026,3.60650154,0,0,0,0,0,0,0,0,0,0,OK,Scarped,East.facing,"Wet
(Months 7-9)",Platform,C1-18b,1.6696977393954786,0.784727273,February,SPFO,30,73,81
M7,CorteMadera,T1,18,c,2026-01-10,2026-02-07,2026,3.305201864,0,0,0,0,0,0,0,0,0,0,OK,Scarped,East.facing,"Wet
(Months 7-9)",Platform,C1-18c,1.671526543053086,0.786909091,February,SAPA,65,46,48
M7,CorteMadera,T1,18,c,2026-01-10,2026-02-07,2026,3.305201864,0,0,0,0,0,0,0,0,0,0,OK,Scarped,East.facing,"Wet
(Months 7-9)",Platform,C1-18c,1.671526543053086,0.786909091,February,SPFO,30,73,81
M7,CorteMadera,T2,18,a,2026-01-10,2026-02-07,2026,3.092209323,0,0,0,0,0,0,0,0,0,0,OK,Scarped,East.facing,"Wet
(Months 7-9)",Platform,C2-18a,1.6623825247650494,0.776,February,SAPA,45,48,55
M7,CorteMadera,T2,18,a,2026-01-10,2026-02-07,2026,3.092209323,0,0,0,0,0,0,0,0,0,0,OK,Scarped,East.facing,"Wet
(Months 7-9)",Platform,C2-18a,1.6623825247650494,0.776,February,SPFO,40,66,70
M7,CorteMadera,T2,18,b,2026-01-10,2026-02-07,2026,2.632372236,0,0,0,0,0,0,0,0,0,0,OK,Scarped,East.facing,"Wet
(Months 7-9)",Platform,C2-18b,1.6672593345186688,0.781818182,February,SAPA,45,48,55
M7,CorteMadera,T2,18,b,2026-01-10,2026-02-07,2026,2.632372236,0,0,0,0,0,0,0,0,0,0,OK,Scarped,East.facing,"Wet
(Months 7-9)",Platform,C2-18b,1.6672593345186688,0.781818182,February,SPFO,40,66,70
M7,CorteMadera,T2,18,c,2026-01-10,2026-02-07,2026,NA,0,0,0,0,0,0,0,0,0,NA,#VALUE!,Scarped,East.facing,"Wet
(Months 7-9)",Platform,C2-18c,1.6773177546355091,0.793818182,February,SAPA,45,48,55
M7,CorteMadera,T2,18,c,2026-01-10,2026-02-07,2026,NA,0,0,0,0,0,0,0,0,0,NA,#VALUE!,Scarped,East.facing,"Wet
(Months 7-9)",Platform,C2-18c,1.6773177546355091,0.793818182,February,SPFO,40,66,70
M7,SanPablo,T1,18,a,2026-01-11,2026-02-06,2026,1.275476482,0,0,0,0,0,0,0,0,0,0,OK,Ramped,South.facing,"Wet
(Months 7-9)",Platform,S1-18a,1.9778511557023113,1.083712785,February,SAPA,80,63,66.5
M7,SanPablo,T1,18,b,2026-01-11,2026-02-06,2026,0.632750479,0,0,0,0,0,0,0,0,0,0,OK,Ramped,South.facing,"Wet
(Months 7-9)",Platform,S1-18b,1.9882143764287528,1.095621716,February,SAPA,80,63,66.5
M7,SanPablo,T1,18,c,2026-01-11,2026-02-06,2026,0.605121302,0,0,0,0,0,0,0,0,0,0,OK,Ramped,South.facing,"Wet
(Months 7-9)",Platform,S1-18c,1.9918719837439671,1.099824869,February,SAPA,80,63,66.5
M7,SanPablo,T2,18,a,2026-01-11,2026-02-06,2026,1.379463757,0,0,0,0,0,0,0,0,0,0,OK,Ramped,South.facing,"Wet
(Months 7-9)",Platform,S2-18a,1.9677927355854712,1.072154116,February,SAPA,90,65,68.5
M7,SanPablo,T2,18,b,2026-01-11,2026-02-06,2026,1.116835429,0,0,0,0,0,0,0,0,0,0,OK,Ramped,South.facing,"Wet
(Months 7-9)",Platform,S2-18b,1.9677927355854712,1.072154116,February,SAPA,90,65,68.5
M7,SanPablo,T2,18,c,2026-01-11,2026-02-06,2026,0.900638629,0,0,0,0,0,0,0,0,0,0,OK,Ramped,South.facing,"Wet
(Months 7-9)",Platform,S2-18c,1.9613919227838457,1.064798599,February,SAPA,90,65,68.5
M7,Buck'sLanding,T2,18,a,2026-01-22,2026-02-21,2026,0.868055949,0,0,0,0,0,0,0,0,0,0,OK,Ramped,East.facing,"Wet
(Months 7-9)",Platform,B2-18a,1.8312420624841248,0.949044586,February,TRIG,40,16,24
M7,Buck'sLanding,T2,18,a,2026-01-22,2026-02-21,2026,0.868055949,0,0,0,0,0,0,0,0,0,0,OK,Ramped,East.facing,"Wet
(Months 7-9)",Platform,B2-18a,1.8312420624841248,0.949044586,February,SAPA,20,25,29
M7,Buck'sLanding,T2,18,b,2026-01-22,2026-02-21,2026,0.739107697,0,0,0,0,0,0,0,0,0,0,OK,Ramped,East.facing,"Wet
(Months 7-9)",Platform,B2-18b,1.8269748539497075,0.944090587,February,TRIG,40,16,24
M7,Buck'sLanding,T2,18,b,2026-01-22,2026-02-21,2026,0.739107697,0,0,0,0,0,0,0,0,0,0,OK,Ramped,East.facing,"Wet
(Months 7-9)",Platform,B2-18b,1.8269748539497075,0.944090587,February,SAPA,20,25,29
M7,Buck'sLanding,T2,18,c,2026-01-22,2026-02-21,2026,0.738636127,0,0,0,0,0,0,0,0,0,0,OK,Ramped,East.facing,"Wet
(Months 7-9)",Platform,B2-18c,1.8403860807721617,0.959660297,February,TRIG,40,16,24
M7,Buck'sLanding,T2,18,c,2026-01-22,2026-02-21,2026,0.738636127,0,0,0,0,0,0,0,0,0,0,OK,Ramped,East.facing,"Wet
(Months 7-9)",Platform,B2-18c,1.8403860807721617,0.959660297,February,SAPA,20,25,29
M7,GiantMarsh,T1,18,a,2026-01-23,2026-02-20,2026,4.100976581,0,0,0,0,0,0,0,0,0,0,OK,Scarped,West.facing,"Wet
(Months 7-9)",Platform,G1-18a,1.958039116078232,1.070756361,February,SAPA,80,80,38
M7,GiantMarsh,T1,18,b,2026-01-23,2026-02-20,2026,3.307279019,0,0,0,0,0,0,0,0,0,0,OK,Scarped,West.facing,"Wet
(Months 7-9)",Platform,G1-18b,1.94005588011176,1.050191704,February,SAPA,80,80,38
M7,GiantMarsh,T1,18,c,2026-01-23,2026-02-20,2026,6.158257728,0,0,0,0,0,0,0,0,0,0,OK,Scarped,West.facing,"Wet
(Months 7-9)",Platform,G1-18c,1.9348742697485393,1.044266295,February,SAPA,80,80,38
M7,GiantMarsh,T2,18,a,2026-01-23,2026-02-20,2026,6.336668454,0,0,0,0,0,0,0,0,0,0,OK,Scarped,West.facing,"Wet
(Months 7-9)",Platform,G2-18a,1.9610871221742443,1.074241896,February,SAPA,75,37,43
M7,GiantMarsh,T2,18,b,2026-01-23,2026-02-20,2026,7.561572055,0,0,0,0,0,0,0,0,0,0,OK,Scarped,West.facing,"Wet
(Months 7-9)",Platform,G2-18b,1.9516383032766065,1.063436738,February,SAPA,75,37,43
M7,GiantMarsh,T2,18,c,2026-01-23,2026-02-20,2026,7.365589724,0,0,0,0,0,0,0,0,0,0,OK,Scarped,West.facing,"Wet
(Months 7-9)",Platform,G2-18c,1.9586487172974345,1.071453468,February,SAPA,75,37,43
M11,Buck'sLanding,T1,0.5,a,2026-05-15,2026-06-11,2026,1.122977485,0,0,0,0,0,0,0,0,0,0,OK,Ramped,East.facing,"Growth
(Months 10-12)",Edge,B1-0.5a,1.6544577089154178,0.743807502,June,SPFO,30,89.5,95.5
M11,Buck'sLanding,T1,0.5,a,2026-05-15,2026-06-11,2026,1.122977485,0,0,0,0,0,0,0,0,0,0,OK,Ramped,East.facing,"Growth
(Months 10-12)",Edge,B1-0.5a,1.6544577089154178,0.743807502,June,SAPA,45,52.75,60
M11,Buck'sLanding,T1,0.5,b,2026-05-15,2026-06-11,2026,0.493809686,0,0,0,0,0,0,0,0,0,0,OK,Ramped,East.facing,"Growth
(Months 10-12)",Edge,B1-0.5b,1.6599441198882396,0.750176929,June,SPFO,30,89.5,95.5
M11,Buck'sLanding,T1,0.5,b,2026-05-15,2026-06-11,2026,0.493809686,0,0,0,0,0,0,0,0,0,0,OK,Ramped,East.facing,"Growth
(Months 10-12)",Edge,B1-0.5b,1.6599441198882396,0.750176929,June,SAPA,45,52.75,60
M11,Buck'sLanding,T1,0.5,c,2026-05-15,2026-06-11,2026,0.59237368,0,0,0,0,0,0,0,0,0,0,OK,Ramped,East.facing,"Growth
(Months 10-12)",Edge,B1-0.5c,1.6611633223266449,0.751592357,June,SPFO,30,89.5,95.5
M11,Buck'sLanding,T1,0.5,c,2026-05-15,2026-06-11,2026,0.59237368,0,0,0,0,0,0,0,0,0,0,OK,Ramped,East.facing,"Growth
(Months 10-12)",Edge,B1-0.5c,1.6611633223266449,0.751592357,June,SAPA,45,52.75,60
M11,Buck'sLanding,T1,2,a,2026-05-15,2026-06-11,2026,-0.054783649,0,0,0,0,0,0,0,0,0,1,Review,Ramped,East.facing,"Growth
(Months 10-12)",Edge,B1-2a,1.7718059436118871,0.880042463,June,SAPA,55,39,42
M11,Buck'sLanding,T1,2,b,2026-05-15,2026-06-11,2026,-0.181001452,0,0,0,0,0,0,0,0,0,1,Review,Ramped,East.facing,"Growth
(Months 10-12)",Edge,B1-2b,1.7794259588519177,0.888888889,June,SAPA,55,39,42
M11,Buck'sLanding,T1,2,c,2026-05-15,2026-06-11,2026,0.557733647,0,0,0,0,0,0,0,0,0,0,OK,Ramped,East.facing,"Growth
(Months 10-12)",Edge,B1-2c,1.7669291338582676,0.87438075,June,SAPA,55,39,42
M11,Buck'sLanding,T1,6,a,2026-05-15,2026-06-11,2026,1.843664835,0,0,0,0,0,0,0,0,0,0,OK,Ramped,East.facing,"Growth
(Months 10-12)",Edge,B1-6a,1.8138684277368553,0.928874735,June,SAPA,90,39,44
M11,Buck'sLanding,T1,6,b,2026-05-15,2026-06-11,2026,1.610208476,0,0,0,0,0,0,0,0,0,0,OK,Ramped,East.facing,"Growth
(Months 10-12)",Edge,B1-6b,1.806248412496825,0.920028309,June,SAPA,90,39,44
M11,Buck'sLanding,T1,6,c,2026-05-15,2026-06-11,2026,1.807627557,0,0,0,0,0,0,0,0,0,0,OK,Ramped,East.facing,"Growth
(Months 10-12)",Edge,B1-6c,1.8053340106680211,0.918966737,June,SAPA,90,39,44
M11,Buck'sLanding,T1,12,a,2026-05-15,2026-06-11,2026,0.70589984,0,0,0,0,0,0,0,0,0,0,OK,Ramped,East.facing,"Growth
(Months 10-12)",Platform,B1-12a,1.8483108966217932,0.96886058,June,SAPA,90,37,39
M11,Buck'sLanding,T1,12,b,2026-05-15,2026-06-11,2026,0.930390544,0,0,0,0,0,0,0,0,0,0,OK,Ramped,East.facing,"Growth
(Months 10-12)",Platform,B1-12b,1.8461772923545847,0.966383581,June,SAPA,90,37,39
M11,Buck'sLanding,T1,12,c,2026-05-15,2026-06-11,2026,0.906520941,0,0,0,0,0,0,0,0,0,0,OK,Ramped,East.facing,"Growth
(Months 10-12)",Platform,B1-12c,1.8428244856489713,0.962491154,June,SAPA,90,37,39
M11,Buck'sLanding,T1,18,a,2026-05-15,2026-06-11,2026,0.987910465,0,0,0,0,0,0,0,0,0,0,OK,Ramped,East.facing,"Growth
(Months 10-12)",Platform,B1-18a,1.8736093472186943,0.998230715,June,TRIG,65,20.75,18.5
M11,Buck'sLanding,T1,18,a,2026-05-15,2026-06-11,2026,0.987910465,0,0,0,0,0,0,0,0,0,0,OK,Ramped,East.facing,"Growth
(Months 10-12)",Platform,B1-18a,1.8736093472186943,0.998230715,June,SAPA,15,30.75,35
M11,Buck'sLanding,T1,18,b,2026-05-15,2026-06-11,2026,0.808888443,0,0,0,0,0,0,0,0,0,0,OK,Ramped,East.facing,"Growth
(Months 10-12)",Platform,B1-18b,1.8745237490474984,0.999292286,June,TRIG,65,20.75,18.5
M11,Buck'sLanding,T1,18,b,2026-05-15,2026-06-11,2026,0.808888443,0,0,0,0,0,0,0,0,0,0,OK,Ramped,East.facing,"Growth
(Months 10-12)",Platform,B1-18b,1.8745237490474984,0.999292286,June,SAPA,15,30.75,35
M11,Buck'sLanding,T1,18,c,2026-05-15,2026-06-11,2026,0.757772562,0,0,0,0,0,0,0,0,0,0,OK,Ramped,East.facing,"Growth
(Months 10-12)",Platform,B1-18c,1.8806197612395223,1.006369427,June,TRIG,65,20.75,18.5
M11,Buck'sLanding,T1,18,c,2026-05-15,2026-06-11,2026,0.757772562,0,0,0,0,0,0,0,0,0,0,OK,Ramped,East.facing,"Growth
(Months 10-12)",Platform,B1-18c,1.8806197612395223,1.006369427,June,SAPA,15,30.75,35
M11,Buck'sLanding,T1,24,a,2026-05-15,2026-06-11,2026,0.718940794,0,0,0,0,0,0,0,0,0,0,OK,Ramped,East.facing,"Growth
(Months 10-12)",Platform,B1-24a,1.8641605283210565,0.987261146,June,SAPA,35,30.25,38.5
M11,Buck'sLanding,T1,24,a,2026-05-15,2026-06-11,2026,0.718940794,0,0,0,0,0,0,0,0,0,0,OK,Ramped,East.facing,"Growth
(Months 10-12)",Platform,B1-24a,1.8641605283210565,0.987261146,June,TRIG,40,15.75,18.5
M11,Buck'sLanding,T1,24,b,2026-05-15,2026-06-11,2026,0.90215455,0,0,0,0,0,0,0,0,0,0,OK,Ramped,East.facing,"Growth
(Months 10-12)",Platform,B1-24b,1.869037338074676,0.992922859,June,SAPA,35,30.25,38.5
M11,Buck'sLanding,T1,24,b,2026-05-15,2026-06-11,2026,0.90215455,0,0,0,0,0,0,0,0,0,0,OK,Ramped,East.facing,"Growth
(Months 10-12)",Platform,B1-24b,1.869037338074676,0.992922859,June,TRIG,40,15.75,18.5
M11,Buck'sLanding,T1,24,c,2026-05-15,2026-06-11,2026,1.201281426,0,0,0,0,0,0,0,0,0,0,OK,Ramped,East.facing,"Growth
(Months 10-12)",Platform,B1-24c,1.8714757429514857,0.995753715,June,SAPA,35,30.25,38.5
M11,Buck'sLanding,T1,24,c,2026-05-15,2026-06-11,2026,1.201281426,0,0,0,0,0,0,0,0,0,0,OK,Ramped,East.facing,"Growth
(Months 10-12)",Platform,B1-24c,1.8714757429514857,0.995753715,June,TRIG,40,15.75,18.5
M11,Buck'sLanding,T1,48,a,2026-05-15,2026-06-11,2026,0.84259698,0,0,0,0,0,0,0,0,0,0,OK,Ramped,East.facing,"Growth
(Months 10-12)",Upland,B1-48a,1.856845313690627,0.978768577,June,SAPA,75,35,40.5
M11,Buck'sLanding,T1,48,b,2026-05-15,2026-06-11,2026,1.029303849,0,0,0,0,0,0,0,0,0,0,OK,Ramped,East.facing,"Growth
(Months 10-12)",Upland,B1-48b,1.850749301498603,0.971691437,June,SAPA,75,35,40.5
M11,Buck'sLanding,T1,48,c,2026-05-15,2026-06-11,2026,1.370348077,0,0,0,0,0,0,0,0,0,0,OK,Ramped,East.facing,"Growth
(Months 10-12)",Upland,B1-48c,1.8516637033274064,0.972753008,June,SAPA,75,35,40.5
M11,Buck'sLanding,T2,0.5,a,2026-05-15,2026-06-11,2026,0.696992403,0,0,0,0,0,0,0,0,0,0,OK,Ramped,East.facing,"Growth
(Months 10-12)",Edge,B2-0.5a,1.6338836677673354,0.7199221515,June,SPFO,10,64.75,71.5
M11,Buck'sLanding,T2,0.5,a,2026-05-15,2026-06-11,2026,0.696992403,0,0,0,0,0,0,0,0,0,0,OK,Ramped,East.facing,"Growth
(Months 10-12)",Edge,B2-0.5a,1.6338836677673354,0.7199221515,June,SAPA,50,40.125,46
M11,Buck'sLanding,T2,0.5,b,2026-05-15,2026-06-11,2026,1.040947558,0,0,0,0,0,0,0,0,0,0,OK,Ramped,East.facing,"Growth
(Months 10-12)",Edge,B2-0.5b,1.6431800863601729,0.730714791,June,SPFO,10,64.75,71.5
M11,Buck'sLanding,T2,0.5,b,2026-05-15,2026-06-11,2026,1.040947558,0,0,0,0,0,0,0,0,0,0,OK,Ramped,East.facing,"Growth
(Months 10-12)",Edge,B2-0.5b,1.6431800863601729,0.730714791,June,SAPA,50,40.125,46
M11,Buck'sLanding,T2,0.5,c,2026-05-15,2026-06-11,2026,0.738735098,0,0,0,0,0,0,0,0,0,0,OK,Ramped,East.facing,"Growth
(Months 10-12)",Edge,B2-0.5c,1.6407416814833629,0.727883935,June,SPFO,10,64.75,71.5
M11,Buck'sLanding,T2,0.5,c,2026-05-15,2026-06-11,2026,0.738735098,0,0,0,0,0,0,0,0,0,0,OK,Ramped,East.facing,"Growth
(Months 10-12)",Edge,B2-0.5c,1.6407416814833629,0.727883935,June,SAPA,50,40.125,46
M11,Buck'sLanding,T2,2,a,2026-05-15,2026-06-11,2026,0.164933134,0,0,0,0,0,0,0,0,0,0,OK,Ramped,East.facing,"Growth
(Months 10-12)",Edge,B2-2a,1.773329946659893,0.881811748,June,SAPA,55,33.875,35
M11,Buck'sLanding,T2,2,b,2026-05-15,2026-06-11,2026,-0.15270724,0,0,0,0,0,0,0,0,0,1,Review,Ramped,East.facing,"Growth
(Months 10-12)",Edge,B2-2b,1.7654051308102614,0.872611465,June,SAPA,55,33.875,35
M11,Buck'sLanding,T2,2,c,2026-05-15,2026-06-11,2026,0.164874915,0,0,0,0,0,0,0,0,0,0,OK,Ramped,East.facing,"Growth
(Months 10-12)",Edge,B2-2c,1.7696723393446787,0.877565464,June,SAPA,55,33.875,35
M11,Buck'sLanding,T2,6,a,2026-05-15,2026-06-11,2026,2.288512726,0,0,0,0,0,0,0,0,0,0,OK,Ramped,East.facing,"Growth
(Months 10-12)",Edge,B2-6a,1.843738887477775,0.963552725,June,SAPA,85,36.5,44
M11,Buck'sLanding,T2,6,b,2026-05-15,2026-06-11,2026,1.886222591,0,0,0,0,0,0,0,0,0,0,OK,Ramped,East.facing,"Growth
(Months 10-12)",Edge,B2-6b,1.8394716789433576,0.958598726,June,SAPA,85,36.5,44
M11,Buck'sLanding,T2,6,c,2026-05-15,2026-06-11,2026,2.1936165,0,0,0,0,0,0,0,0,0,0,OK,Ramped,East.facing,"Growth
(Months 10-12)",Edge,B2-6c,1.8376428752857503,0.956475584,June,SAPA,85,36.5,44
M11,Buck'sLanding,T2,12,a,2026-05-15,2026-06-11,2026,1.239472791,0,0,0,0,0,0,0,0,0,0,OK,Ramped,East.facing,"Growth
(Months 10-12)",Platform,B2-12a,1.84008128016256,0.95930644,June,SAPA,75,35.25,39
M11,Buck'sLanding,T2,12,b,2026-05-15,2026-06-11,2026,1.069591081,0,0,0,0,0,0,0,0,0,0,OK,Ramped,East.facing,"Growth
(Months 10-12)",Platform,B2-12b,1.835814071628143,0.954352442,June,SAPA,75,35.25,39
M11,Buck'sLanding,T2,12,c,2026-05-15,2026-06-11,2026,1.304852215,0,0,0,0,0,0,0,0,0,0,OK,Ramped,East.facing,"Growth
(Months 10-12)",Platform,B2-12c,1.822098044196088,0.938428875,June,SAPA,75,35.25,39
M11,Buck'sLanding,T2,18,a,2026-05-15,2026-06-11,2026,0.941510285,0,0,0,0,0,0,0,0,0,0,OK,Ramped,East.facing,"Growth
(Months 10-12)",Platform,B2-18a,1.8312420624841248,0.949044586,June,TRIG,70,21.5,27
M11,Buck'sLanding,T2,18,a,2026-05-15,2026-06-11,2026,0.941510285,0,0,0,0,0,0,0,0,0,0,OK,Ramped,East.facing,"Growth
(Months 10-12)",Platform,B2-18a,1.8312420624841248,0.949044586,June,SAPA,15,30,45
M11,Buck'sLanding,T2,18,b,2026-05-15,2026-06-11,2026,0.976732504,0,0,0,0,0,0,0,0,0,0,OK,Ramped,East.facing,"Growth
(Months 10-12)",Platform,B2-18b,1.8269748539497075,0.944090587,June,TRIG,70,21.5,27
M11,Buck'sLanding,T2,18,b,2026-05-15,2026-06-11,2026,0.976732504,0,0,0,0,0,0,0,0,0,0,OK,Ramped,East.facing,"Growth
(Months 10-12)",Platform,B2-18b,1.8269748539497075,0.944090587,June,SAPA,15,30,45
M11,Buck'sLanding,T2,18,c,2026-05-15,2026-06-11,2026,1.146206684,0,0,0,0,0,0,0,0,0,0,OK,Ramped,East.facing,"Growth
(Months 10-12)",Platform,B2-18c,1.8403860807721617,0.959660297,June,TRIG,70,21.5,27
M11,Buck'sLanding,T2,18,c,2026-05-15,2026-06-11,2026,1.146206684,0,0,0,0,0,0,0,0,0,0,OK,Ramped,East.facing,"Growth
(Months 10-12)",Platform,B2-18c,1.8403860807721617,0.959660297,June,SAPA,15,30,45
M11,Buck'sLanding,T2,24,a,2026-05-15,2026-06-11,2026,0.680167244,0,0,0,0,0,0,0,0,0,0,OK,Ramped,East.facing,"Growth
(Months 10-12)",Platform,B2-24a,1.8266700533401063,0.94373673,June,SAPA,80,42.125,55.5
M11,Buck'sLanding,T2,24,b,2026-05-15,2026-06-11,2026,0.976732504,0,0,0,0,0,0,0,0,0,0,OK,Ramped,East.facing,"Growth
(Months 10-12)",Platform,B2-24b,1.8294132588265175,0.946921444,June,SAPA,80,42.125,55.5
M11,Buck'sLanding,T2,24,c,2026-05-15,2026-06-11,2026,1.034543518,0,0,0,0,0,0,0,0,0,0,OK,Ramped,East.facing,"Growth
(Months 10-12)",Platform,B2-24c,1.8446532893065783,0.964614296,June,SAPA,80,42.125,55.5
M11,Buck'sLanding,T2,48,a,2026-05-15,2026-06-11,2026,1.35823862,0,0,0,0,0,0,0,0,0,0,OK,Ramped,East.facing,"Growth
(Months 10-12)",Upland,B2-48a,1.8416052832105665,0.961075725,June,SAPA,55,40.5,46
M11,Buck'sLanding,T2,48,b,2026-05-15,2026-06-11,2026,0.897380629,0,0,0,0,0,0,0,0,0,0,OK,Ramped,East.facing,"Growth
(Months 10-12)",Upland,B2-48b,1.8525781051562105,0.973814579,June,SAPA,55,40.5,46
M11,Buck'sLanding,T2,48,c,2026-05-15,2026-06-11,2026,1.075296498,0,0,0,0,0,0,0,0,0,0,OK,Ramped,East.facing,"Growth
(Months 10-12)",Upland,B2-48c,1.849530099060198,0.970276008,June,SAPA,55,40.5,46
M11,GiantMarsh,T1,0.5,a,2026-05-14,2026-06-09,2026,1.254437196,0,0,0,0,0,0,0,0,0,0,OK,Scarped,West.facing,"Growth
(Months 10-12)",Edge,G1-0.5a,2.067462535,1.195887069,June,DISP,30,NA,20.5
M11,GiantMarsh,T1,0.5,a,2026-05-14,2026-06-09,2026,1.254437196,0,0,0,0,0,0,0,0,0,0,OK,Scarped,West.facing,"Growth
(Months 10-12)",Edge,G1-0.5a,2.067462535,1.195887069,June,SAPA,15,24.832999999999998,33
M11,GiantMarsh,T1,0.5,a,2026-05-14,2026-06-09,2026,1.254437196,0,0,0,0,0,0,0,0,0,0,OK,Scarped,West.facing,"Growth
(Months 10-12)",Edge,G1-0.5a,2.067462535,1.195887069,June,Seaweed,65,7.25,9
M11,GiantMarsh,T1,0.5,b,2026-05-14,2026-06-09,2026,1.51797239,0,0,0,0,0,0,0,0,0,0,OK,Scarped,West.facing,"Growth
(Months 10-12)",Edge,G1-0.5b,2.066243332486665,1.194492855,June,DISP,30,NA,20.5
M11,GiantMarsh,T1,0.5,b,2026-05-14,2026-06-09,2026,1.51797239,0,0,0,0,0,0,0,0,0,0,OK,Scarped,West.facing,"Growth
(Months 10-12)",Edge,G1-0.5b,2.066243332486665,1.194492855,June,SAPA,15,24.832999999999998,33
M11,GiantMarsh,T1,0.5,b,2026-05-14,2026-06-09,2026,1.51797239,0,0,0,0,0,0,0,0,0,0,OK,Scarped,West.facing,"Growth
(Months 10-12)",Edge,G1-0.5b,2.066243332486665,1.194492855,June,Seaweed,65,7.25,9
M11,GiantMarsh,T1,0.5,c,2026-05-14,2026-06-09,2026,0.761948623,0,0,0,0,0,0,0,0,0,0,OK,Scarped,West.facing,"Growth
(Months 10-12)",Edge,G1-0.5c,2.0574041148082296,1.184384803,June,DISP,30,NA,20.5
M11,GiantMarsh,T1,0.5,c,2026-05-14,2026-06-09,2026,0.761948623,0,0,0,0,0,0,0,0,0,0,OK,Scarped,West.facing,"Growth
(Months 10-12)",Edge,G1-0.5c,2.0574041148082296,1.184384803,June,SAPA,15,24.832999999999998,33
M11,GiantMarsh,T1,0.5,c,2026-05-14,2026-06-09,2026,0.761948623,0,0,0,0,0,0,0,0,0,0,OK,Scarped,West.facing,"Growth
(Months 10-12)",Edge,G1-0.5c,2.0574041148082296,1.184384803,June,Seaweed,65,7.25,9
M11,GiantMarsh,T1,2,a,2026-05-14,2026-06-09,2026,0.712252379,0,0,0,0,0,0,0,0,0,0,OK,Scarped,West.facing,"Growth
(Months 10-12)",Edge,G1-2a,2.0183896367792733,1.139769955,June,DISP,40,NA,NA
M11,GiantMarsh,T1,2,a,2026-05-14,2026-06-09,2026,0.712252379,0,0,0,0,0,0,0,0,0,0,OK,Scarped,West.facing,"Growth
(Months 10-12)",Edge,G1-2a,2.0183896367792733,1.139769955,June,SAPA,50,33.625,35.5
M11,GiantMarsh,T1,2,b,2026-05-14,2026-06-09,2026,9.748323405,0,0,0,0,0,0,0,0,0,0,OK,Scarped,West.facing,"Growth
(Months 10-12)",Edge,G1-2b,2.019304038608077,1.140815615,June,DISP,40,NA,NA
M11,GiantMarsh,T1,2,b,2026-05-14,2026-06-09,2026,9.748323405,0,0,0,0,0,0,0,0,0,0,OK,Scarped,West.facing,"Growth
(Months 10-12)",Edge,G1-2b,2.019304038608077,1.140815615,June,SAPA,50,33.625,35.5
M11,GiantMarsh,T1,2,c,2026-05-14,2026-06-09,2026,0.928993299,0,0,0,0,0,0,0,0,0,0,OK,Scarped,West.facing,"Growth
(Months 10-12)",Edge,G1-2c,2.0189992379984756,1.140467062,June,DISP,40,NA,NA
M11,GiantMarsh,T1,2,c,2026-05-14,2026-06-09,2026,0.928993299,0,0,0,0,0,0,0,0,0,0,OK,Scarped,West.facing,"Growth
(Months 10-12)",Edge,G1-2c,2.0189992379984756,1.140467062,June,SAPA,50,33.625,35.5
M11,GiantMarsh,T1,6,a,2026-05-14,2026-06-09,2026,4.544546223,0,0,0,0,0,0,0,0,0,0,OK,Scarped,West.facing,"Growth
(Months 10-12)",Edge,G1-6a,1.9723647447294896,1.087138376,June,SAPA,85,39.625,43
M11,GiantMarsh,T1,6,b,2026-05-14,2026-06-09,2026,3.903875783,0,0,0,0,0,0,0,0,0,0,OK,Scarped,West.facing,"Growth
(Months 10-12)",Edge,G1-6b,1.9793751587503172,1.095155106,June,SAPA,85,39.625,43
M11,GiantMarsh,T1,6,c,2026-05-14,2026-06-09,2026,7.136610435,0,0,0,0,0,0,0,0,0,0,OK,Scarped,West.facing,"Growth
(Months 10-12)",Edge,G1-6c,1.9763271526543051,1.091669571,June,SAPA,85,39.625,43
M11,GiantMarsh,T1,12,a,2026-05-14,2026-06-09,2026,4.208824513,0,0,0,0,0,0,0,0,0,0,OK,Scarped,West.facing,"Growth
(Months 10-12)",Platform,G1-12a,1.9418846837693675,1.052283025,June,SAPA,80,46.25,58
M11,GiantMarsh,T1,12,b,2026-05-14,2026-06-09,2026,3.039390869,0,0,0,0,0,0,0,0,0,0,OK,Scarped,West.facing,"Growth
(Months 10-12)",Platform,G1-12b,1.9495046990093976,1.060996863,June,SAPA,80,46.25,58
M11,GiantMarsh,T1,12,c,2026-05-14,2026-06-09,2026,2.782989686,0,0,0,0,0,0,0,0,0,0,OK,Scarped,West.facing,"Growth
(Months 10-12)",Platform,G1-12c,1.9577343154686309,1.070407808,June,SAPA,80,46.25,58
M11,GiantMarsh,T1,18,a,2026-05-14,2026-06-09,2026,1.826729957,0,0,0,0,0,0,0,0,0,0,OK,Scarped,West.facing,"Growth
(Months 10-12)",Platform,G1-18a,1.958039116078232,1.070756361,June,SAPA,90,37.25,44
M11,GiantMarsh,T1,18,b,2026-05-14,2026-06-09,2026,3.481759994,0,0,0,0,0,0,0,0,0,0,OK,Scarped,West.facing,"Growth
(Months 10-12)",Platform,G1-18b,1.94005588011176,1.050191704,June,SAPA,90,37.25,44
M11,GiantMarsh,T1,18,c,2026-05-14,2026-06-09,2026,4.96218814,0,0,0,0,0,0,0,0,0,0,OK,Scarped,West.facing,"Growth
(Months 10-12)",Platform,G1-18c,1.9348742697485393,1.044266295,June,SAPA,90,37.25,44
M11,GiantMarsh,T1,24,a,2026-05-14,2026-06-09,2026,1.927392058,0,0,0,0,0,0,0,0,0,0,OK,Scarped,West.facing,"Growth
(Months 10-12)",Platform,G1-24a,1.94005588011176,1.050191704,June,SAPA,50,35.25,41.5
M11,GiantMarsh,T1,24,a,2026-05-14,2026-06-09,2026,1.927392058,0,0,0,0,0,0,0,0,0,0,OK,Scarped,West.facing,"Growth
(Months 10-12)",Platform,G1-24a,1.94005588011176,1.050191704,June,JACA,55,19.875,23
M11,GiantMarsh,T1,24,b,2026-05-14,2026-06-09,2026,2.957107915,0,0,0,0,0,0,0,0,0,0,OK,Scarped,West.facing,"Growth
(Months 10-12)",Platform,G1-24b,1.9467614935229869,1.057859881,June,SAPA,50,35.25,41.5
M11,GiantMarsh,T1,24,b,2026-05-14,2026-06-09,2026,2.957107915,0,0,0,0,0,0,0,0,0,0,OK,Scarped,West.facing,"Growth
(Months 10-12)",Platform,G1-24b,1.9467614935229869,1.057859881,June,JACA,55,19.875,23
M11,GiantMarsh,T1,24,c,2026-05-14,2026-06-09,2026,3.447238637,0,0,0,0,0,0,0,0,0,0,OK,Scarped,West.facing,"Growth
(Months 10-12)",Platform,G1-24c,1.952247904495809,1.064133845,June,SAPA,50,35.25,41.5
M11,GiantMarsh,T1,24,c,2026-05-14,2026-06-09,2026,3.447238637,0,0,0,0,0,0,0,0,0,0,OK,Scarped,West.facing,"Growth
(Months 10-12)",Platform,G1-24c,1.952247904495809,1.064133845,June,JACA,55,19.875,23
M11,GiantMarsh,T1,48,a,2026-05-14,2026-06-09,2026,1.371543796,0,0,0,0,0,0,0,0,0,0,OK,Scarped,West.facing,"Growth
(Months 10-12)",Upland,G1-48a,1.8736093472186943,0.974207041,June,JACA,75,19.25,26
M11,GiantMarsh,T1,48,b,2026-05-14,2026-06-09,2026,1.216832495,0,0,0,0,0,0,0,0,0,0,OK,Scarped,West.facing,"Growth
(Months 10-12)",Upland,G1-48b,1.8595885191770385,0.95817358,June,JACA,75,19.25,26
M11,GiantMarsh,T1,48,c,2026-05-14,2026-06-09,2026,1.101841915,0,0,0,0,0,0,0,0,0,0,OK,Scarped,West.facing,"Growth
(Months 10-12)",Upland,G1-48c,1.886106172212344,0.988497734,June,JACA,75,19.25,26
M11,GiantMarsh,T2,0.5,a,2026-05-14,2026-06-09,2026,NA,1,0,0,0,0,0,0,0,0,NA,#VALUE!,Scarped,West.facing,"Growth
(Months 10-12)",Edge,G2-0.5a,2.0357632715265432,1.159637504,June,NA,NA,NA,NA
M11,GiantMarsh,T2,0.5,b,2026-05-14,2026-06-09,2026,NA,1,0,0,0,0,0,0,0,0,NA,#VALUE!,Scarped,West.facing,"Growth
(Months 10-12)",Edge,G2-0.5b,2.041249682499365,1.165911467,June,NA,NA,NA,NA
M11,GiantMarsh,T2,0.5,c,2026-05-14,2026-06-09,2026,NA,1,0,0,0,0,0,0,0,0,NA,#VALUE!,Scarped,West.facing,"Growth
(Months 10-12)",Edge,G2-0.5c,2.0519177038354077,1.17811084,June,NA,NA,NA,NA
M11,GiantMarsh,T2,2,a,2026-05-14,2026-06-09,2026,94.03508855,0,0,0,0,0,0,0,0,0,0,OK,Scarped,West.facing,"Growth
(Months 10-12)",Edge,G2-2a,2.0616713233426465,1.189264552,June,SAPA,20,20.25,26.5
M11,GiantMarsh,T2,2,a,2026-05-14,2026-06-09,2026,94.03508855,0,0,0,0,0,0,0,0,0,0,OK,Scarped,West.facing,"Growth
(Months 10-12)",Edge,G2-2a,2.0616713233426465,1.189264552,June,Seaweed,80,12.125,13.5
M11,GiantMarsh,T2,2,b,2026-05-14,2026-06-09,2026,140.7842006,0,0,0,0,0,0,0,0,0,0,OK,Scarped,West.facing,"Growth
(Months 10-12)",Edge,G2-2b,2.054051308102616,1.180550715,June,SAPA,20,20.25,26.5
M11,GiantMarsh,T2,2,b,2026-05-14,2026-06-09,2026,140.7842006,0,0,0,0,0,0,0,0,0,0,OK,Scarped,West.facing,"Growth
(Months 10-12)",Edge,G2-2b,2.054051308102616,1.180550715,June,Seaweed,80,12.125,13.5
M11,GiantMarsh,T2,2,c,2026-05-14,2026-06-09,2026,108.3871463,0,0,0,0,0,0,0,0,0,0,OK,Scarped,West.facing,"Growth
(Months 10-12)",Edge,G2-2c,2.0564897129794257,1.183339143,June,SAPA,20,20.25,26.5
M11,GiantMarsh,T2,2,c,2026-05-14,2026-06-09,2026,108.3871463,0,0,0,0,0,0,0,0,0,0,OK,Scarped,West.facing,"Growth
(Months 10-12)",Edge,G2-2c,2.0564897129794257,1.183339143,June,Seaweed,80,12.125,13.5
M11,GiantMarsh,T2,6,a,2026-05-14,2026-06-09,2026,7.609933911,0,0,0,0,0,0,0,0,0,0,OK,Scarped,West.facing,"Growth
(Months 10-12)",Edge,G2-6a,1.9406654813309625,1.050888811,June,SAPA,85,33.375,39
M11,GiantMarsh,T2,6,b,2026-05-14,2026-06-09,2026,5.35885123,0,0,0,0,0,0,0,0,0,0,OK,Scarped,West.facing,"Growth
(Months 10-12)",Edge,G2-6b,1.9434086868173737,1.054025793,June,SAPA,85,33.375,39
M11,GiantMarsh,T2,6,c,2026-05-14,2026-06-09,2026,6.575562809,0,0,0,0,0,0,0,0,0,0,OK,Scarped,West.facing,"Growth
(Months 10-12)",Edge,G2-6c,1.9473710947421896,1.058556988,June,SAPA,85,33.375,39
M11,GiantMarsh,T2,12,a,2026-05-14,2026-06-09,2026,1.51108021,0,0,0,0,0,0,0,0,0,0,OK,Scarped,West.facing,"Growth
(Months 10-12)",Platform,G2-12a,1.9333502667005331,1.042523527,June,SAPA,95,36.375,43
M11,GiantMarsh,T2,12,b,2026-05-14,2026-06-09,2026,2.960312174,0,0,0,0,0,0,0,0,0,0,OK,Scarped,West.facing,"Growth
(Months 10-12)",Platform,G2-12b,1.9354838709677415,1.044963402,June,SAPA,95,36.375,43
M11,GiantMarsh,T2,12,c,2026-05-14,2026-06-09,2026,2.941630739,0,0,0,0,0,0,0,0,0,0,OK,Scarped,West.facing,"Growth
(Months 10-12)",Platform,G2-12c,1.9318262636525272,1.04078076,June,SAPA,95,36.375,43
M11,GiantMarsh,T2,18,a,2026-05-14,2026-06-09,2026,3.511747022,0,0,0,0,0,0,0,0,0,0,OK,Scarped,West.facing,"Growth
(Months 10-12)",Platform,G2-18a,1.9610871221742443,1.074241896,June,SAPA,90,43,47
M11,GiantMarsh,T2,18,b,2026-05-14,2026-06-09,2026,2.704757399,0,0,0,0,0,0,0,0,0,0,OK,Scarped,West.facing,"Growth
(Months 10-12)",Platform,G2-18b,1.9516383032766065,1.063436738,June,SAPA,90,43,47
M11,GiantMarsh,T2,18,c,2026-05-14,2026-06-09,2026,2.759592549,0,0,0,0,0,0,0,0,0,0,OK,Scarped,West.facing,"Growth
(Months 10-12)",Platform,G2-18c,1.9586487172974345,1.071453468,June,SAPA,90,43,47
M11,GiantMarsh,T2,24,a,2026-05-14,2026-06-09,2026,2.837583006,0,0,0,0,0,0,0,0,0,0,OK,Scarped,West.facing,"Growth
(Months 10-12)",Platform,G2-24a,1.9357886715773431,1.045311955,June,SAPA,95,42.25,45
M11,GiantMarsh,T2,24,b,2026-05-14,2026-06-09,2026,1.915119141,0,0,0,0,0,0,0,0,0,0,OK,Scarped,West.facing,"Growth
(Months 10-12)",Platform,G2-24b,1.9406654813309625,1.050888811,June,SAPA,95,42.25,45
M11,GiantMarsh,T2,24,c,2026-05-14,2026-06-09,2026,2.229076072,0,0,0,0,0,0,0,0,0,0,OK,Scarped,West.facing,"Growth
(Months 10-12)",Platform,G2-24c,1.9354838709677415,1.044963402,June,SAPA,95,42.25,45
M11,GiantMarsh,T2,48,a,2026-05-14,2026-06-09,2026,5.326506351,0,0,0,0,0,0,0,0,0,0,OK,Scarped,West.facing,"Growth
(Months 10-12)",Upland,G2-48a,1.8733045466090932,0.973858487,June,SAPA,95,38.125,47
M11,GiantMarsh,T2,48,b,2026-05-14,2026-06-09,2026,2.863096163,0,0,0,0,0,0,0,0,0,0,OK,Scarped,West.facing,"Growth
(Months 10-12)",Upland,G2-48b,1.897078994157988,1.001045661,June,SAPA,95,38.125,47
M11,GiantMarsh,T2,48,c,2026-05-14,2026-06-09,2026,4.503314059,0,0,0,0,0,0,0,0,0,0,OK,Scarped,West.facing,"Growth
(Months 10-12)",Upland,G2-48c,1.8836677673355344,0.985709306,June,SAPA,95,38.125,47
M11,CorteMadera,T1,0.5,a,2026-05-02,2026-06-10,2026,0.446057045,0,0,0,0,0,0,0,0,0,0,OK,Scarped,East.facing,"Growth
(Months 10-12)",Edge,C1-0.5a,1.6593345186690371,0.772363636,June,JACA,80,14.5,16.5
M11,CorteMadera,T1,0.5,a,2026-05-02,2026-06-10,2026,0.446057045,0,0,0,0,0,0,0,0,0,0,OK,Scarped,East.facing,"Growth
(Months 10-12)",Edge,C1-0.5a,1.6593345186690371,0.772363636,June,SAPA,5,28,28
M11,CorteMadera,T1,0.5,b,2026-05-02,2026-06-10,2026,0.19809979,0,0,0,0,0,0,0,0,0,0,OK,Scarped,East.facing,"Growth
(Months 10-12)",Edge,C1-0.5b,1.6684785369570738,0.783272727,June,JACA,80,14.5,16.5
M11,CorteMadera,T1,0.5,b,2026-05-02,2026-06-10,2026,0.19809979,0,0,0,0,0,0,0,0,0,0,OK,Scarped,East.facing,"Growth
(Months 10-12)",Edge,C1-0.5b,1.6684785369570738,0.783272727,June,SAPA,5,28,28
M11,CorteMadera,T1,0.5,c,2026-05-02,2026-06-10,2026,0.837661839,0,0,0,0,0,0,0,0,0,0,OK,Scarped,East.facing,"Growth
(Months 10-12)",Edge,C1-0.5c,1.6614681229362456,0.774909091,June,JACA,80,14.5,16.5
M11,CorteMadera,T1,0.5,c,2026-05-02,2026-06-10,2026,0.837661839,0,0,0,0,0,0,0,0,0,0,OK,Scarped,East.facing,"Growth
(Months 10-12)",Edge,C1-0.5c,1.6614681229362456,0.774909091,June,SAPA,5,28,28
M11,CorteMadera,T1,2,a,2026-05-02,2026-06-10,2026,2.201225216,0,0,0,0,0,0,0,0,0,0,OK,Scarped,East.facing,"Growth
(Months 10-12)",Edge,C1-2a,1.6462280924561847,0.756727273,June,SAPA,10,33,35
M11,CorteMadera,T1,2,a,2026-05-02,2026-06-10,2026,2.201225216,0,0,0,0,0,0,0,0,0,0,OK,Scarped,East.facing,"Growth
(Months 10-12)",Edge,C1-2a,1.6462280924561847,0.756727273,June,JACA,75,15.375,18
M11,CorteMadera,T1,2,b,2026-05-02,2026-06-10,2026,2.013765984,0,0,0,0,0,0,0,0,0,0,OK,Scarped,East.facing,"Growth
(Months 10-12)",Edge,C1-2b,1.6480568961137922,0.758909091,June,SAPA,10,33,35
M11,CorteMadera,T1,2,b,2026-05-02,2026-06-10,2026,2.013765984,0,0,0,0,0,0,0,0,0,0,OK,Scarped,East.facing,"Growth
(Months 10-12)",Edge,C1-2b,1.6480568961137922,0.758909091,June,JACA,75,15.375,18
M11,CorteMadera,T1,2,c,2026-05-02,2026-06-10,2026,1.164576874,0,0,0,0,0,0,0,0,0,0,OK,Scarped,East.facing,"Growth
(Months 10-12)",Edge,C1-2c,1.6462280924561847,0.756727273,June,SAPA,10,33,35
M11,CorteMadera,T1,2,c,2026-05-02,2026-06-10,2026,1.164576874,0,0,0,0,0,0,0,0,0,0,OK,Scarped,East.facing,"Growth
(Months 10-12)",Edge,C1-2c,1.6462280924561847,0.756727273,June,JACA,75,15.375,18
M11,CorteMadera,T1,6,a,2026-05-02,2026-06-10,2026,4.672212771,0,0,0,0,0,0,0,0,0,0,OK,Scarped,East.facing,"Growth
(Months 10-12)",Edge,C1-6a,1.664516129032258,0.778545455,June,DISP,95,35.625,37.5
M11,CorteMadera,T1,6,b,2026-05-02,2026-06-10,2026,5.988619128,0,0,0,0,0,0,0,0,0,0,OK,Scarped,East.facing,"Growth
(Months 10-12)",Edge,C1-6b,1.6620777241554483,0.775636364,June,DISP,95,35.625,37.5
M11,CorteMadera,T1,6,c,2026-05-02,2026-06-10,2026,4.749840481,0,0,0,0,0,0,0,0,0,0,OK,Scarped,East.facing,"Growth
(Months 10-12)",Edge,C1-6c,1.6529337058674116,0.764727273,June,DISP,95,35.625,37.5
M11,CorteMadera,T1,12,a,2026-05-02,2026-06-10,2026,5.790559643,0,0,0,0,0,0,0,0,0,0,OK,Scarped,East.facing,"Growth
(Months 10-12)",Platform,C1-12a,1.6413512827025651,0.750909091,June,SAPA,60,54.125,95
M11,CorteMadera,T1,12,a,2026-05-02,2026-06-10,2026,5.790559643,0,0,0,0,0,0,0,0,0,0,OK,Scarped,East.facing,"Growth
(Months 10-12)",Platform,C1-12a,1.6413512827025651,0.750909091,June,SPFO,20,77.25,56.5
M11,CorteMadera,T1,12,b,2026-05-02,2026-06-10,2026,3.413603993,0,0,0,0,0,0,0,0,0,0,OK,Scarped,East.facing,"Growth
(Months 10-12)",Platform,C1-12b,1.6447040894081788,0.754909091,June,SAPA,60,54.125,95
M11,CorteMadera,T1,12,b,2026-05-02,2026-06-10,2026,3.413603993,0,0,0,0,0,0,0,0,0,0,OK,Scarped,East.facing,"Growth
(Months 10-12)",Platform,C1-12b,1.6447040894081788,0.754909091,June,SPFO,20,77.25,56.5
M11,CorteMadera,T1,12,c,2026-05-02,2026-06-10,2026,3.927333377,0,1,0,0,0,0,0,0,0,0,Review,Scarped,East.facing,"Growth
(Months 10-12)",Platform,C1-12c,1.659029718059436,0.772,June,SAPA,60,54.125,95
M11,CorteMadera,T1,12,c,2026-05-02,2026-06-10,2026,3.927333377,0,1,0,0,0,0,0,0,0,0,Review,Scarped,East.facing,"Growth
(Months 10-12)",Platform,C1-12c,1.659029718059436,0.772,June,SPFO,20,77.25,56.5
M11,CorteMadera,T1,18,a,2026-05-02,2026-06-10,2026,3.31449364,0,0,0,0,0,0,0,0,0,0,OK,Scarped,East.facing,"Growth
(Months 10-12)",Platform,C1-18a,1.679756159512319,0.796727273,June,SAPA,35,44.375,51
M11,CorteMadera,T1,18,a,2026-05-02,2026-06-10,2026,3.31449364,0,0,0,0,0,0,0,0,0,0,OK,Scarped,East.facing,"Growth
(Months 10-12)",Platform,C1-18a,1.679756159512319,0.796727273,June,SPFO,45,68.25,71
M11,CorteMadera,T1,18,b,2026-05-02,2026-06-10,2026,4.035230252,0,0,0,0,0,0,0,0,0,0,OK,Scarped,East.facing,"Growth
(Months 10-12)",Platform,C1-18b,1.6696977393954786,0.784727273,June,SAPA,35,44.375,51
M11,CorteMadera,T1,18,b,2026-05-02,2026-06-10,2026,4.035230252,0,0,0,0,0,0,0,0,0,0,OK,Scarped,East.facing,"Growth
(Months 10-12)",Platform,C1-18b,1.6696977393954786,0.784727273,June,SPFO,45,68.25,71
M11,CorteMadera,T1,18,c,2026-05-02,2026-06-10,2026,1.981965225,0,0,0,0,0,0,0,0,0,0,OK,Scarped,East.facing,"Growth
(Months 10-12)",Platform,C1-18c,1.671526543053086,0.786909091,June,SAPA,35,44.375,51
M11,CorteMadera,T1,18,c,2026-05-02,2026-06-10,2026,1.981965225,0,0,0,0,0,0,0,0,0,0,OK,Scarped,East.facing,"Growth
(Months 10-12)",Platform,C1-18c,1.671526543053086,0.786909091,June,SPFO,45,68.25,71
M11,CorteMadera,T1,24,a,2026-05-02,2026-06-10,2026,1.750291248,0,0,0,0,0,0,0,0,0,0,OK,Scarped,East.facing,"Growth
(Months 10-12)",Platform,C1-24a,1.7199898399796798,0.844727273,June,SAPA,15,45.75,55
M11,CorteMadera,T1,24,a,2026-05-02,2026-06-10,2026,1.750291248,0,0,0,0,0,0,0,0,0,0,OK,Scarped,East.facing,"Growth
(Months 10-12)",Platform,C1-24a,1.7199898399796798,0.844727273,June,JACA,80,25,30
M11,CorteMadera,T1,24,a,2026-05-02,2026-06-10,2026,1.750291248,0,0,0,0,0,0,0,0,0,0,OK,Scarped,East.facing,"Growth
(Months 10-12)",Platform,C1-24a,1.7199898399796798,0.844727273,June,SPFO,20,64.25,7.15
M11,CorteMadera,T1,24,b,2026-05-02,2026-06-10,2026,3.981946849,0,0,0,0,0,0,0,0,0,0,OK,Scarped,East.facing,"Growth
(Months 10-12)",Platform,C1-24b,1.7184658369316737,0.842909091,June,SAPA,15,45.75,55
M11,CorteMadera,T1,24,b,2026-05-02,2026-06-10,2026,3.981946849,0,0,0,0,0,0,0,0,0,0,OK,Scarped,East.facing,"Growth
(Months 10-12)",Platform,C1-24b,1.7184658369316737,0.842909091,June,JACA,80,25,30
M11,CorteMadera,T1,24,b,2026-05-02,2026-06-10,2026,3.981946849,0,0,0,0,0,0,0,0,0,0,OK,Scarped,East.facing,"Growth
(Months 10-12)",Platform,C1-24b,1.7184658369316737,0.842909091,June,SPFO,20,64.25,7.15
M11,CorteMadera,T1,24,c,2026-05-02,2026-06-10,2026,2.591217804,0,0,0,0,0,0,0,0,0,0,OK,Scarped,East.facing,"Growth
(Months 10-12)",Platform,C1-24c,1.7141986283972566,0.837818182,June,SAPA,15,45.75,55
M11,CorteMadera,T1,24,c,2026-05-02,2026-06-10,2026,2.591217804,0,0,0,0,0,0,0,0,0,0,OK,Scarped,East.facing,"Growth
(Months 10-12)",Platform,C1-24c,1.7141986283972566,0.837818182,June,JACA,80,25,30
M11,CorteMadera,T1,24,c,2026-05-02,2026-06-10,2026,2.591217804,0,0,0,0,0,0,0,0,0,0,OK,Scarped,East.facing,"Growth
(Months 10-12)",Platform,C1-24c,1.7141986283972566,0.837818182,June,SPFO,20,64.25,7.15
M11,CorteMadera,T1,48,a,2026-05-02,2026-06-10,2026,0.69675505,0,0,0,0,0,0,0,0,0,0,OK,Scarped,East.facing,"Growth
(Months 10-12)",Upland,C1-48a,1.732486665,0.859636364,June,DISP,90,30.125,33.5
M11,CorteMadera,T1,48,a,2026-05-02,2026-06-10,2026,0.69675505,0,0,0,0,0,0,0,0,0,0,OK,Scarped,East.facing,"Growth
(Months 10-12)",Upland,C1-48a,1.732486665,0.859636364,June,SAPA,5,27.25,30.5
M11,CorteMadera,T1,48,b,2026-05-02,2026-06-10,2026,1.359129811,0,0,0,0,0,0,0,0,0,0,OK,Scarped,East.facing,"Growth
(Months 10-12)",Upland,C1-48b,1.7108458216916431,0.833818182,June,DISP,90,30.125,33.5
M11,CorteMadera,T1,48,b,2026-05-02,2026-06-10,2026,1.359129811,0,0,0,0,0,0,0,0,0,0,OK,Scarped,East.facing,"Growth
(Months 10-12)",Upland,C1-48b,1.7108458216916431,0.833818182,June,SAPA,5,27.25,30.5
M11,CorteMadera,T1,48,c,2026-05-02,2026-06-10,2026,1.138660665,0,0,0,0,0,0,0,0,0,0,OK,Scarped,East.facing,"Growth
(Months 10-12)",Upland,C1-48c,1.7065786131572265,0.828727273,June,DISP,90,30.125,33.5
M11,CorteMadera,T1,48,c,2026-05-02,2026-06-10,2026,1.138660665,0,0,0,0,0,0,0,0,0,0,OK,Scarped,East.facing,"Growth
(Months 10-12)",Upland,C1-48c,1.7065786131572265,0.828727273,June,SAPA,5,27.25,30.5
M11,CorteMadera,T2,0.5,a,2026-05-02,2026-06-10,2026,NA,1,0,0,0,0,0,0,0,0,NA,#VALUE!,Scarped,East.facing,"Growth
(Months 10-12)",Edge,C2-0.5a,1.621234442468885,0.726909091,June,SAPA,20,34.875,42.5
M11,CorteMadera,T2,0.5,a,2026-05-02,2026-06-10,2026,NA,1,0,0,0,0,0,0,0,0,NA,#VALUE!,Scarped,East.facing,"Growth
(Months 10-12)",Edge,C2-0.5a,1.621234442468885,0.726909091,June,JACA,75,16.25,19
M11,CorteMadera,T2,0.5,b,2026-05-02,2026-06-10,2026,-1.073245414,0,0,0,0,0,0,0,0,0,1,Review,Scarped,East.facing,"Growth
(Months 10-12)",Edge,C2-0.5b,1.6392176784353567,0.748363636,June,SAPA,20,34.875,42.5
M11,CorteMadera,T2,0.5,b,2026-05-02,2026-06-10,2026,-1.073245414,0,0,0,0,0,0,0,0,0,1,Review,Scarped,East.facing,"Growth
(Months 10-12)",Edge,C2-0.5b,1.6392176784353567,0.748363636,June,JACA,75,16.25,19
M11,CorteMadera,T2,0.5,c,2026-05-02,2026-06-10,2026,-0.072105905,0,0,0,0,0,0,0,0,0,1,Review,Scarped,East.facing,"Growth
(Months 10-12)",Edge,C2-0.5c,1.6495808991617982,0.760727273,June,SAPA,20,34.875,42.5
M11,CorteMadera,T2,0.5,c,2026-05-02,2026-06-10,2026,-0.072105905,0,0,0,0,0,0,0,0,0,1,Review,Scarped,East.facing,"Growth
(Months 10-12)",Edge,C2-0.5c,1.6495808991617982,0.760727273,June,JACA,75,16.25,19
M11,CorteMadera,T2,2,a,2026-05-02,2026-06-10,2026,0.027528414,0,0,0,0,0,0,0,0,0,0,OK,Scarped,East.facing,"Growth
(Months 10-12)",Edge,C2-2a,1.656286512573025,0.768727273,June,SAPA,20,24.83,32.5
M11,CorteMadera,T2,2,a,2026-05-02,2026-06-10,2026,0.027528414,0,0,0,0,0,0,0,0,0,0,OK,Scarped,East.facing,"Growth
(Months 10-12)",Edge,C2-2a,1.656286512573025,0.768727273,June,JACA,75,16.375,19
M11,CorteMadera,T2,2,b,2026-05-02,2026-06-10,2026,0.114869665,0,0,0,0,0,0,0,0,0,0,OK,Scarped,East.facing,"Growth
(Months 10-12)",Edge,C2-2b,1.6544577089154178,0.766545455,June,SAPA,20,24.83,32.5
M11,CorteMadera,T2,2,b,2026-05-02,2026-06-10,2026,0.114869665,0,0,0,0,0,0,0,0,0,0,OK,Scarped,East.facing,"Growth
(Months 10-12)",Edge,C2-2b,1.6544577089154178,0.766545455,June,JACA,75,16.375,19
M11,CorteMadera,T2,2,c,2026-05-02,2026-06-10,2026,0.187257706,0,0,0,0,0,0,0,0,0,0,OK,Scarped,East.facing,"Growth
(Months 10-12)",Edge,C2-2c,1.6556769113538228,0.768,June,SAPA,20,24.83,32.5
M11,CorteMadera,T2,2,c,2026-05-02,2026-06-10,2026,0.187257706,0,0,0,0,0,0,0,0,0,0,OK,Scarped,East.facing,"Growth
(Months 10-12)",Edge,C2-2c,1.6556769113538228,0.768,June,JACA,75,16.375,19
M11,CorteMadera,T2,6,a,2026-05-02,2026-06-10,2026,2.249470475,0,0,0,0,0,0,0,0,0,0,OK,Scarped,East.facing,"Growth
(Months 10-12)",Edge,C2-6a,1.6623825247650494,0.776,June,SAPA,40,43,53
M11,CorteMadera,T2,6,a,2026-05-02,2026-06-10,2026,2.249470475,0,0,0,0,0,0,0,0,0,0,OK,Scarped,East.facing,"Growth
(Months 10-12)",Edge,C2-6a,1.6623825247650494,0.776,June,JACA,50,21.875,25
M11,CorteMadera,T2,6,a,2026-05-02,2026-06-10,2026,2.249470475,0,0,0,0,0,0,0,0,0,0,OK,Scarped,East.facing,"Growth
(Months 10-12)",Edge,C2-6a,1.6623825247650494,0.776,June,SPFO,10,53.167000000000002,60
M11,CorteMadera,T2,6,b,2026-05-02,2026-06-10,2026,1.904135989,0,0,0,0,0,0,0,0,0,0,OK,Scarped,East.facing,"Growth
(Months 10-12)",Edge,C2-6b,1.6727457454914911,0.788363636,June,SAPA,40,43,53
M11,CorteMadera,T2,6,b,2026-05-02,2026-06-10,2026,1.904135989,0,0,0,0,0,0,0,0,0,0,OK,Scarped,East.facing,"Growth
(Months 10-12)",Edge,C2-6b,1.6727457454914911,0.788363636,June,JACA,50,21.875,25
M11,CorteMadera,T2,6,b,2026-05-02,2026-06-10,2026,1.904135989,0,0,0,0,0,0,0,0,0,0,OK,Scarped,East.facing,"Growth
(Months 10-12)",Edge,C2-6b,1.6727457454914911,0.788363636,June,SPFO,10,53.167000000000002,60
M11,CorteMadera,T2,6,c,2026-05-02,2026-06-10,2026,2.129522362,0,0,0,0,0,0,0,0,0,0,OK,Scarped,East.facing,"Growth
(Months 10-12)",Edge,C2-6c,1.6675641351282702,0.782181818,June,SAPA,40,43,53
M11,CorteMadera,T2,6,c,2026-05-02,2026-06-10,2026,2.129522362,0,0,0,0,0,0,0,0,0,0,OK,Scarped,East.facing,"Growth
(Months 10-12)",Edge,C2-6c,1.6675641351282702,0.782181818,June,JACA,50,21.875,25
M11,CorteMadera,T2,6,c,2026-05-02,2026-06-10,2026,2.129522362,0,0,0,0,0,0,0,0,0,0,OK,Scarped,East.facing,"Growth
(Months 10-12)",Edge,C2-6c,1.6675641351282702,0.782181818,June,SPFO,10,53.167000000000002,60
M11,CorteMadera,T2,12,a,2026-05-02,2026-06-10,2026,1.877494288,0,0,0,0,0,0,0,0,0,0,OK,Scarped,East.facing,"Growth
(Months 10-12)",Platform,C2-12a,1.664820929641859,0.778909091,June,SAPA,35,48,64
M11,CorteMadera,T2,12,a,2026-05-02,2026-06-10,2026,1.877494288,0,0,0,0,0,0,0,0,0,0,OK,Scarped,East.facing,"Growth
(Months 10-12)",Platform,C2-12a,1.664820929641859,0.778909091,June,JACA,55,20.75,23
M11,CorteMadera,T2,12,a,2026-05-02,2026-06-10,2026,1.877494288,0,0,0,0,0,0,0,0,0,0,OK,Scarped,East.facing,"Growth
(Months 10-12)",Platform,C2-12a,1.664820929641859,0.778909091,June,SPFO,15,48.75,53
M11,CorteMadera,T2,12,b,2026-05-02,2026-06-10,2026,2.383888136,0,0,0,0,0,0,0,0,0,0,OK,Scarped,East.facing,"Growth
(Months 10-12)",Platform,C2-12b,1.6651257302514604,0.779272727,June,SAPA,35,48,64
M11,CorteMadera,T2,12,b,2026-05-02,2026-06-10,2026,2.383888136,0,0,0,0,0,0,0,0,0,0,OK,Scarped,East.facing,"Growth
(Months 10-12)",Platform,C2-12b,1.6651257302514604,0.779272727,June,JACA,55,20.75,23
M11,CorteMadera,T2,12,b,2026-05-02,2026-06-10,2026,2.383888136,0,0,0,0,0,0,0,0,0,0,OK,Scarped,East.facing,"Growth
(Months 10-12)",Platform,C2-12b,1.6651257302514604,0.779272727,June,SPFO,15,48.75,53
M11,CorteMadera,T2,12,c,2026-05-02,2026-06-10,2026,1.78547764,0,0,0,0,0,0,0,0,0,0,OK,Scarped,East.facing,"Growth
(Months 10-12)",Platform,C2-12c,1.6657353314706629,0.78,June,SAPA,35,48,64
M11,CorteMadera,T2,12,c,2026-05-02,2026-06-10,2026,1.78547764,0,0,0,0,0,0,0,0,0,0,OK,Scarped,East.facing,"Growth
(Months 10-12)",Platform,C2-12c,1.6657353314706629,0.78,June,JACA,55,20.75,23
M11,CorteMadera,T2,12,c,2026-05-02,2026-06-10,2026,1.78547764,0,0,0,0,0,0,0,0,0,0,OK,Scarped,East.facing,"Growth
(Months 10-12)",Platform,C2-12c,1.6657353314706629,0.78,June,SPFO,15,48.75,53
M11,CorteMadera,T2,18,a,2026-05-02,2026-06-10,2026,1.468477671,0,0,0,0,0,0,0,0,0,0,OK,Scarped,East.facing,"Growth
(Months 10-12)",Platform,C2-18a,1.6623825247650494,0.776,June,SAPA,25,48.75,51
M11,CorteMadera,T2,18,a,2026-05-02,2026-06-10,2026,1.468477671,0,0,0,0,0,0,0,0,0,0,OK,Scarped,East.facing,"Growth
(Months 10-12)",Platform,C2-18a,1.6623825247650494,0.776,June,SPFO,35,55.25,62
M11,CorteMadera,T2,18,a,2026-05-02,2026-06-10,2026,1.468477671,0,0,0,0,0,0,0,0,0,0,OK,Scarped,East.facing,"Growth
(Months 10-12)",Platform,C2-18a,1.6623825247650494,0.776,June,JACA,45,25.5,28
M11,CorteMadera,T2,18,b,2026-05-02,2026-06-10,2026,1.275456329,0,0,0,0,0,0,0,0,0,0,OK,Scarped,East.facing,"Growth
(Months 10-12)",Platform,C2-18b,1.6672593345186688,0.781818182,June,SAPA,25,48.75,51
M11,CorteMadera,T2,18,b,2026-05-02,2026-06-10,2026,1.275456329,0,0,0,0,0,0,0,0,0,0,OK,Scarped,East.facing,"Growth
(Months 10-12)",Platform,C2-18b,1.6672593345186688,0.781818182,June,SPFO,35,55.25,62
M11,CorteMadera,T2,18,b,2026-05-02,2026-06-10,2026,1.275456329,0,0,0,0,0,0,0,0,0,0,OK,Scarped,East.facing,"Growth
(Months 10-12)",Platform,C2-18b,1.6672593345186688,0.781818182,June,JACA,45,25.5,28
M11,CorteMadera,T2,18,c,2026-05-02,2026-06-10,2026,1.406689883,0,0,0,0,0,0,0,0,0,0,OK,Scarped,East.facing,"Growth
(Months 10-12)",Platform,C2-18c,1.6773177546355091,0.793818182,June,SAPA,25,48.75,51
M11,CorteMadera,T2,18,c,2026-05-02,2026-06-10,2026,1.406689883,0,0,0,0,0,0,0,0,0,0,OK,Scarped,East.facing,"Growth
(Months 10-12)",Platform,C2-18c,1.6773177546355091,0.793818182,June,SPFO,35,55.25,62
M11,CorteMadera,T2,18,c,2026-05-02,2026-06-10,2026,1.406689883,0,0,0,0,0,0,0,0,0,0,OK,Scarped,East.facing,"Growth
(Months 10-12)",Platform,C2-18c,1.6773177546355091,0.793818182,June,JACA,45,25.5,28
M11,CorteMadera,T2,24,a,2026-05-02,2026-06-10,2026,3.632017576,0,0,0,0,0,0,0,0,0,0,OK,Scarped,East.facing,"Growth
(Months 10-12)",Platform,C2-24a,1.6794513589027176,0.796363636,June,SPFO,20,53.75,57
M11,CorteMadera,T2,24,a,2026-05-02,2026-06-10,2026,3.632017576,0,0,0,0,0,0,0,0,0,0,OK,Scarped,East.facing,"Growth
(Months 10-12)",Platform,C2-24a,1.6794513589027176,0.796363636,June,SAPA,25,33.75,38
M11,CorteMadera,T2,24,a,2026-05-02,2026-06-10,2026,3.632017576,0,0,0,0,0,0,0,0,0,0,OK,Scarped,East.facing,"Growth
(Months 10-12)",Platform,C2-24a,1.6794513589027176,0.796363636,June,JACA,65,23.375,24.5
M11,CorteMadera,T2,24,b,2026-05-02,2026-06-10,2026,1.108593027,0,0,0,0,0,0,0,0,0,0,OK,Scarped,East.facing,"Growth
(Months 10-12)",Platform,C2-24b,1.6843281686563372,0.802181818,June,SPFO,20,53.75,57
M11,CorteMadera,T2,24,b,2026-05-02,2026-06-10,2026,1.108593027,0,0,0,0,0,0,0,0,0,0,OK,Scarped,East.facing,"Growth
(Months 10-12)",Platform,C2-24b,1.6843281686563372,0.802181818,June,SAPA,25,33.75,38
M11,CorteMadera,T2,24,b,2026-05-02,2026-06-10,2026,1.108593027,0,0,0,0,0,0,0,0,0,0,OK,Scarped,East.facing,"Growth
(Months 10-12)",Platform,C2-24b,1.6843281686563372,0.802181818,June,JACA,65,23.375,24.5
M11,CorteMadera,T2,24,c,2026-05-02,2026-06-10,2026,3.8601447,0,0,0,0,0,0,0,0,0,0,OK,Scarped,East.facing,"Growth
(Months 10-12)",Platform,C2-24c,1.6751841503683007,0.791272727,June,SPFO,20,53.75,57
M11,CorteMadera,T2,24,c,2026-05-02,2026-06-10,2026,3.8601447,0,0,0,0,0,0,0,0,0,0,OK,Scarped,East.facing,"Growth
(Months 10-12)",Platform,C2-24c,1.6751841503683007,0.791272727,June,SAPA,25,33.75,38
M11,CorteMadera,T2,24,c,2026-05-02,2026-06-10,2026,3.8601447,0,0,0,0,0,0,0,0,0,0,OK,Scarped,East.facing,"Growth
(Months 10-12)",Platform,C2-24c,1.6751841503683007,0.791272727,June,JACA,65,23.375,24.5
M11,CorteMadera,T2,48,a,2026-05-02,2026-06-10,2026,4.838269971,0,0,0,0,0,0,0,0,0,0,OK,Scarped,East.facing,"Growth
(Months 10-12)",Upland,C2-48a,1.6794513589027176,0.796363636,June,DISP,90,31,33
M11,CorteMadera,T2,48,a,2026-05-02,2026-06-10,2026,4.838269971,0,0,0,0,0,0,0,0,0,0,OK,Scarped,East.facing,"Growth
(Months 10-12)",Upland,C2-48a,1.6794513589027176,0.796363636,June,SPFO,5,56,56
M11,CorteMadera,T2,48,b,2026-05-02,2026-06-10,2026,2.703870686,0,0,0,0,0,0,0,0,0,0,OK,Scarped,East.facing,"Growth
(Months 10-12)",Upland,C2-48b,1.6821945643891287,0.799636364,June,DISP,90,31,33
M11,CorteMadera,T2,48,b,2026-05-02,2026-06-10,2026,2.703870686,0,0,0,0,0,0,0,0,0,0,OK,Scarped,East.facing,"Growth
(Months 10-12)",Upland,C2-48b,1.6821945643891287,0.799636364,June,SPFO,5,56,56
M11,CorteMadera,T2,48,c,2026-05-02,2026-06-10,2026,3.602272379,0,0,0,0,0,0,0,0,0,0,OK,Scarped,East.facing,"Growth
(Months 10-12)",Upland,C2-48c,1.673050546101092,0.788727273,June,DISP,90,31,33
M11,CorteMadera,T2,48,c,2026-05-02,2026-06-10,2026,3.602272379,0,0,0,0,0,0,0,0,0,0,OK,Scarped,East.facing,"Growth
(Months 10-12)",Upland,C2-48c,1.673050546101092,0.788727273,June,SPFO,5,56,56
M11,SanPablo,T1,0.5,a,2026-04-30,2026-06-12,2026,0.176418434,0,0,0,0,0,0,0,0,0,0,OK,Ramped,South.facing,"Growth
(Months 10-12)",Edge,S1-0.5a,1.706273812547625,0.771628722,June,SAPA,35,57,66
M11,SanPablo,T1,0.5,a,2026-04-30,2026-06-12,2026,0.176418434,0,0,0,0,0,0,0,0,0,0,OK,Ramped,South.facing,"Growth
(Months 10-12)",Edge,S1-0.5a,1.706273812547625,0.771628722,June,SPFO,35,67.125,76
M11,SanPablo,T1,0.5,b,2026-04-30,2026-06-12,2026,-0.30249949,0,0,0,0,0,0,0,0,0,1,Review,Ramped,South.facing,"Growth
(Months 10-12)",Edge,S1-0.5b,1.722733045466091,0.790542907,June,SAPA,35,57,66
M11,SanPablo,T1,0.5,b,2026-04-30,2026-06-12,2026,-0.30249949,0,0,0,0,0,0,0,0,0,1,Review,Ramped,South.facing,"Growth
(Months 10-12)",Edge,S1-0.5b,1.722733045466091,0.790542907,June,SPFO,35,67.125,76
M11,SanPablo,T1,0.5,c,2026-04-30,2026-06-12,2026,-1.024038456,0,0,0,0,0,0,0,0,0,1,Review,Ramped,South.facing,"Growth
(Months 10-12)",Edge,S1-0.5c,1.723037846075692,0.79089317,June,SAPA,35,57,66
M11,SanPablo,T1,0.5,c,2026-04-30,2026-06-12,2026,-1.024038456,0,0,0,0,0,0,0,0,0,1,Review,Ramped,South.facing,"Growth
(Months 10-12)",Edge,S1-0.5c,1.723037846075692,0.79089317,June,SPFO,35,67.125,76
M11,SanPablo,T1,2,a,2026-04-30,2026-06-12,2026,0.799878108,0,0,0,0,0,0,0,0,0,0,OK,Ramped,South.facing,"Growth
(Months 10-12)",Edge,S1-2a,1.6913385826771654,0.754465849,June,SAPA,75,51.625,69.5
M11,SanPablo,T1,2,b,2026-04-30,2026-06-12,2026,0.209135901,0,0,0,0,0,0,0,0,0,0,OK,Ramped,South.facing,"Growth
(Months 10-12)",Edge,S1-2b,1.7202946405892812,0.787740806,June,SAPA,75,51.625,69.5
M11,SanPablo,T1,2,c,2026-04-30,2026-06-12,2026,-0.01253865,0,0,0,0,0,0,0,0,0,1,Review,Ramped,South.facing,"Growth
(Months 10-12)",Edge,S1-2c,1.7550419100838202,0.827670753,June,SAPA,75,51.625,69.5
M11,SanPablo,T1,6,a,2026-04-30,2026-06-12,2026,NA,1,1,0,0,0,0,0,0,0,NA,#VALUE!,Ramped,South.facing,"Growth
(Months 10-12)",Edge,S1-6a,1.8266700533401063,0.909982487,June,SAPA,60,61.125,65
M11,SanPablo,T1,6,b,2026-04-30,2026-06-12,2026,NA,1,1,0,0,0,0,0,0,0,NA,#VALUE!,Ramped,South.facing,"Growth
(Months 10-12)",Edge,S1-6b,1.8254508509017016,0.908581436,June,SAPA,60,61.125,65
M11,SanPablo,T1,6,c,2026-04-30,2026-06-12,2026,NA,1,1,0,0,0,0,0,0,0,NA,#VALUE!,Ramped,South.facing,"Growth
(Months 10-12)",Edge,S1-6c,1.83002286004572,0.913835377,June,SAPA,60,61.125,65
M11,SanPablo,T1,12,a,2026-04-30,2026-06-12,2026,2.735618955,0,0,0,0,0,0,0,0,0,0,OK,Ramped,South.facing,"Growth
(Months 10-12)",Platform,S1-12a,1.877266954533909,0.968126095,June,SAPA,65,46,55
M11,SanPablo,T1,12,b,2026-04-30,2026-06-12,2026,1.57720127,0,0,0,0,0,0,0,0,0,0,OK,Ramped,South.facing,"Growth
(Months 10-12)",Platform,S1-12b,1.889763779527559,0.982486865,June,SAPA,65,46,55
M11,SanPablo,T1,12,c,2026-04-30,2026-06-12,2026,3.144349686,0,0,0,0,0,0,0,0,0,0,OK,Ramped,South.facing,"Growth
(Months 10-12)",Platform,S1-12c,1.8851917703835408,0.977232925,June,SAPA,65,46,55
M11,SanPablo,T1,18,a,2026-04-30,2026-06-12,2026,1.535929738,0,0,0,0,0,0,0,0,0,0,OK,Ramped,South.facing,"Growth
(Months 10-12)",Platform,S1-18a,1.9778511557023113,1.083712785,June,SAPA,80,58.75,69
M11,SanPablo,T1,18,b,2026-04-30,2026-06-12,2026,NA,1,1,0,0,0,0,0,0,0,NA,#VALUE!,Ramped,South.facing,"Growth
(Months 10-12)",Platform,S1-18b,1.9882143764287528,1.095621716,June,SAPA,80,58.75,69
M11,SanPablo,T1,18,c,2026-04-30,2026-06-12,2026,1.346058759,0,0,0,0,0,0,0,0,0,0,OK,Ramped,South.facing,"Growth
(Months 10-12)",Platform,S1-18c,1.9918719837439671,1.099824869,June,SAPA,80,58.75,69
M11,SanPablo,T1,24,a,2026-04-30,2026-06-12,2026,5.289189878,0,0,0,0,0,0,0,0,0,0,OK,Ramped,South.facing,"Growth
(Months 10-12)",Platform,S1-24a,1.9751079502159004,1.08056042,June,SAPA,95,55.5,58.5
M11,SanPablo,T1,24,b,2026-04-30,2026-06-12,2026,5.362484317,0,0,0,0,0,0,0,0,0,0,OK,Ramped,South.facing,"Growth
(Months 10-12)",Platform,S1-24b,1.984861569723139,1.091768827,June,SAPA,95,55.5,58.5
M11,SanPablo,T1,24,c,2026-04-30,2026-06-12,2026,5.641917079,0,0,0,0,0,0,0,0,0,0,OK,Ramped,South.facing,"Growth
(Months 10-12)",Platform,S1-24c,1.9751079502159004,1.08056042,June,SAPA,95,55.5,58.5
M11,SanPablo,T1,48,a,2026-04-30,2026-06-12,2026,0.903879444,0,0,0,0,0,0,0,0,0,0,OK,Ramped,South.facing,"Growth
(Months 10-12)",Upland,S1-48a,2.013208026416053,1.124343257,June,SAPA,95,49.125,60
M11,SanPablo,T1,48,b,2026-04-30,2026-06-12,2026,1.01698318,0,0,0,0,0,0,0,0,0,0,OK,Ramped,South.facing,"Growth
(Months 10-12)",Upland,S1-48b,2.0159512319024637,1.127495622,June,SAPA,95,49.125,60
M11,SanPablo,T1,48,c,2026-04-30,2026-06-12,2026,0.961454875,0,0,0,0,0,0,0,0,0,0,OK,Ramped,South.facing,"Growth
(Months 10-12)",Upland,S1-48c,2.0144272288544576,1.125744308,June,SAPA,95,49.125,60
M11,SanPablo,T2,0.5,a,2026-04-30,2026-06-12,2026,-0.248104416,0,0,0,0,0,0,0,0,0,1,Review,Ramped,South.facing,"Growth
(Months 10-12)",Edge,S2-0.5a,1.727305054610109,0.795796848,June,SPFO,40,77.75,85
M11,SanPablo,T2,0.5,a,2026-04-30,2026-06-12,2026,-0.248104416,0,0,0,0,0,0,0,0,0,1,Review,Ramped,South.facing,"Growth
(Months 10-12)",Edge,S2-0.5a,1.727305054610109,0.795796848,June,SAPA,30,53.75,56
M11,SanPablo,T2,0.5,b,2026-04-30,2026-06-12,2026,-0.612419814,0,0,0,0,0,0,0,0,0,1,Review,Ramped,South.facing,"Growth
(Months 10-12)",Edge,S2-0.5b,1.7297434594869188,0.798598949,June,SPFO,40,77.75,85
M11,SanPablo,T2,0.5,b,2026-04-30,2026-06-12,2026,-0.612419814,0,0,0,0,0,0,0,0,0,1,Review,Ramped,South.facing,"Growth
(Months 10-12)",Edge,S2-0.5b,1.7297434594869188,0.798598949,June,SAPA,30,53.75,56
M11,SanPablo,T2,0.5,c,2026-04-30,2026-06-12,2026,-0.496062608,0,0,0,0,0,0,0,0,0,1,Review,Ramped,South.facing,"Growth
(Months 10-12)",Edge,S2-0.5c,1.721818643637287,0.789492119,June,SPFO,40,77.75,85
M11,SanPablo,T2,0.5,c,2026-04-30,2026-06-12,2026,-0.496062608,0,0,0,0,0,0,0,0,0,1,Review,Ramped,South.facing,"Growth
(Months 10-12)",Edge,S2-0.5c,1.721818643637287,0.789492119,June,SAPA,30,53.75,56
M11,SanPablo,T2,2,a,2026-04-30,2026-06-12,2026,0.111897395,0,0,0,0,0,0,0,0,0,0,OK,Ramped,South.facing,"Growth
(Months 10-12)",Edge,S2-2a,1.7401066802133602,0.810507881,June,SPFO,35,87.25,93
M11,SanPablo,T2,2,a,2026-04-30,2026-06-12,2026,0.111897395,0,0,0,0,0,0,0,0,0,0,OK,Ramped,South.facing,"Growth
(Months 10-12)",Edge,S2-2a,1.7401066802133602,0.810507881,June,SAPA,30,54.5,68
M11,SanPablo,T2,2,b,2026-04-30,2026-06-12,2026,0.043099323,0,0,0,0,0,0,0,0,0,0,OK,Ramped,South.facing,"Growth
(Months 10-12)",Edge,S2-2b,1.751993903987808,0.824168126,June,SPFO,35,87.25,93
M11,SanPablo,T2,2,b,2026-04-30,2026-06-12,2026,0.043099323,0,0,0,0,0,0,0,0,0,0,OK,Ramped,South.facing,"Growth
(Months 10-12)",Edge,S2-2b,1.751993903987808,0.824168126,June,SAPA,30,54.5,68
M11,SanPablo,T2,2,c,2026-04-30,2026-06-12,2026,-0.342199121,0,0,0,0,0,0,0,0,0,1,Review,Ramped,South.facing,"Growth
(Months 10-12)",Edge,S2-2c,1.750469900939802,0.822416813,June,SPFO,35,87.25,93
M11,SanPablo,T2,2,c,2026-04-30,2026-06-12,2026,-0.342199121,0,0,0,0,0,0,0,0,0,1,Review,Ramped,South.facing,"Growth
(Months 10-12)",Edge,S2-2c,1.750469900939802,0.822416813,June,SAPA,30,54.5,68
M11,SanPablo,T2,6,a,2026-04-30,2026-06-12,2026,NA,1,1,0,0,0,0,0,0,0,NA,#VALUE!,Ramped,South.facing,"Growth
(Months 10-12)",Edge,S2-6a,1.8239268478536956,0.906830123,June,SAPA,80,50,55
M11,SanPablo,T2,6,b,2026-04-30,2026-06-12,2026,NA,1,1,0,0,0,0,0,0,0,NA,#VALUE!,Ramped,South.facing,"Growth
(Months 10-12)",Edge,S2-6b,1.8135636271272544,0.894921191,June,SAPA,80,50,55
M11,SanPablo,T2,6,c,2026-04-30,2026-06-12,2026,NA,1,1,0,0,0,0,0,0,0,NA,#VALUE!,Ramped,South.facing,"Growth
(Months 10-12)",Edge,S2-6c,1.8083820167640337,0.888966725,June,SAPA,80,50,55
M11,SanPablo,T2,12,a,2026-04-30,2026-06-12,2026,1.506977521,0,0,0,0,0,0,0,0,0,0,OK,Ramped,South.facing,"Growth
(Months 10-12)",Platform,S2-12a,1.899517399034798,0.993695271,June,SAPA,90,52.125,56
M11,SanPablo,T2,12,b,2026-04-30,2026-06-12,2026,NA,1,1,0,0,0,0,0,0,0,NA,#VALUE!,Ramped,South.facing,"Growth
(Months 10-12)",Platform,S2-12b,1.8912877825755652,0.984238179,June,SAPA,90,52.125,56
M11,SanPablo,T2,12,c,2026-04-30,2026-06-12,2026,1.583013647,0,0,0,0,0,0,0,0,0,0,OK,Ramped,South.facing,"Growth
(Months 10-12)",Platform,S2-12c,1.8836677673355344,0.975481611,June,SAPA,90,52.125,56
M11,SanPablo,T2,18,a,2026-04-30,2026-06-12,2026,0.780832521,0,0,0,0,0,0,0,0,0,0,OK,Ramped,South.facing,"Growth
(Months 10-12)",Platform,S2-18a,1.9677927355854712,1.072154116,June,SAPA,85,61.75,65
M11,SanPablo,T2,18,b,2026-04-30,2026-06-12,2026,1.631230786,0,0,0,0,0,0,0,0,0,0,OK,Ramped,South.facing,"Growth
(Months 10-12)",Platform,S2-18b,1.9677927355854712,1.072154116,June,SAPA,85,61.75,65
M11,SanPablo,T2,18,c,2026-04-30,2026-06-12,2026,1.080955882,0,0,0,0,0,0,0,0,0,0,OK,Ramped,South.facing,"Growth
(Months 10-12)",Platform,S2-18c,1.9613919227838457,1.064798599,June,SAPA,85,61.75,65
M11,SanPablo,T2,24,a,2026-04-30,2026-06-12,2026,5.635995034,0,0,0,0,0,0,0,0,0,0,OK,Ramped,South.facing,"Growth
(Months 10-12)",Platform,S2-24a,2.0001016002032004,1.109281961,June,SAPA,95,56,59.5
M11,SanPablo,T2,24,b,2026-04-30,2026-06-12,2026,7.386288157,0,0,0,0,0,0,0,0,0,0,OK,Ramped,South.facing,"Growth
(Months 10-12)",Platform,S2-24b,1.9979679959359915,1.106830123,June,SAPA,95,56,59.5
M11,SanPablo,T2,24,c,2026-04-30,2026-06-12,2026,7.134674382,0,0,0,0,0,0,0,0,0,0,OK,Ramped,South.facing,"Growth
(Months 10-12)",Platform,S2-24c,1.9915671831343664,1.099474606,June,SAPA,95,56,59.5
M11,SanPablo,T2,48,a,2026-04-30,2026-06-12,2026,1.408313337,0,0,0,0,0,0,0,0,0,0,OK,Ramped,South.facing,"Growth
(Months 10-12)",Upland,S2-48a,2.0138176276352553,1.125043783,June,SAPA,95,50.25,58
M11,SanPablo,T2,48,b,2026-04-30,2026-06-12,2026,1.439166457,0,0,0,0,0,0,0,0,0,0,OK,Ramped,South.facing,"Growth
(Months 10-12)",Upland,S2-48b,2.022961645923292,1.135551664,June,SAPA,95,50.25,58
M11,SanPablo,T2,48,c,2026-04-30,2026-06-12,2026,1.664204144,0,0,0,0,0,0,0,0,0,0,OK,Ramped,South.facing,"Growth
(Months 10-12)",Upland,S2-48c,2.0205232410464817,1.132749562,June,SAPA,95,50.25,58
