Site,Tran,Dist,fitted_elevation_m,local_slope,surveyed_min,surveyed_max,extrapolated
GiantMarsh,T1,0.5,2.081117017603091,-0.005031576575533427,-5.465587848999999,43.747037411,FALSE
GiantMarsh,T1,2,2.031680671373449,-0.04260973519962442,-5.465587848999999,43.747037411,FALSE
GiantMarsh,T1,6,1.9647297866186124,-0.020943234262624,-5.465587848999999,43.747037411,FALSE
GiantMarsh,T1,12,1.9003038509090948,-0.009636599403418291,-5.465587848999999,43.747037411,FALSE
GiantMarsh,T1,18,1.9478622938935235,-4.8566594081641705e-4,-5.465587848999999,43.747037411,FALSE
GiantMarsh,T1,24,1.9068799902442337,-0.041271720838788724,-5.465587848999999,43.747037411,FALSE
GiantMarsh,T1,48,2.0210249067405273,0.019396603664910948,-5.465587848999999,43.747037411,TRUE
GiantMarsh,T2,0.5,2.0306872434232464,1.4006969717971426e-4,-4.887551679,35.907132429,FALSE
GiantMarsh,T2,2,2.0563871851683726,-0.013424716688372454,-4.887551679,35.907132429,FALSE
GiantMarsh,T2,6,1.9574508500756538,-0.01255565003163208,-4.887551679,35.907132429,FALSE
GiantMarsh,T2,12,1.95016303680416,0.0073026439019559086,-4.887551679,35.907132429,FALSE
GiantMarsh,T2,18,1.9382465005969653,0.010856321806045581,-4.887551679,35.907132429,FALSE
GiantMarsh,T2,24,1.9387701875796968,4.975228131842639e-4,-4.887551679,35.907132429,FALSE
GiantMarsh,T2,48,1.4800192766320546,-0.033709301718241776,-4.887551679,35.907132429,TRUE
CorteMadera,T1,0.5,1.7492440342280613,0.09733852868754048,-3.157023536,64.14680765099999,FALSE
CorteMadera,T1,2,1.8293271071500128,0.017753991095413348,-3.157023536,64.14680765099999,FALSE
CorteMadera,T1,6,1.757631476156524,-0.025155382129482318,-3.157023536,64.14680765099999,FALSE
CorteMadera,T1,12,1.7133104284343061,0.0032317156537537087,-3.157023536,64.14680765099999,FALSE
CorteMadera,T1,18,1.741810125322371,0.0052361512726215725,-3.157023536,64.14680765099999,FALSE
CorteMadera,T1,24,1.7550712477688033,-0.0028494853327859057,-3.157023536,64.14680765099999,FALSE
CorteMadera,T1,48,1.727272679455228,-0.005585163631044243,-3.157023536,64.14680765099999,FALSE
CorteMadera,T2,0.5,1.481725221967733,0.16925078293661744,-2.765692181,69.789659659,FALSE
CorteMadera,T2,2,1.6757667363825983,0.09235576383065149,-2.765692181,69.789659659,FALSE
CorteMadera,T2,6,1.8033913358538025,-0.003325393415348951,-2.765692181,69.789659659,FALSE
CorteMadera,T2,12,1.752402790171007,-0.005847349699209805,-2.765692181,69.789659659,FALSE
CorteMadera,T2,18,1.7467200155303768,5.42879874173271e-4,-2.765692181,69.789659659,FALSE
CorteMadera,T2,24,1.74610186223484,6.099121469114189e-4,-2.765692181,69.789659659,FALSE
CorteMadera,T2,48,1.7284424717637425,-0.0037842484898751726,-2.765692181,69.789659659,FALSE
SanPablo,T1,0.5,1.8226043860308456,0.01994320045890097,-14.667049608749998,95.31672733922,FALSE
SanPablo,T1,2,1.8192972125194615,0.3776886912580827,-14.667049608749998,95.31672733922,FALSE
SanPablo,T1,6,1.8447290956966946,-0.011462863390312102,-14.667049608749998,95.31672733922,FALSE
SanPablo,T1,12,1.939426772189594,0.05459195462793114,-14.667049608749998,95.31672733922,FALSE
SanPablo,T1,18,2.068566284857941,0.024001364885002433,-14.667049608749998,95.31672733922,FALSE
SanPablo,T1,24,2.037429934956382,0.01741473153111573,-14.667049608749998,95.31672733922,FALSE
SanPablo,T1,48,2.0680424869475282,-0.0012651563959624375,-14.667049608749998,95.31672733922,FALSE
SanPablo,T2,0.5,1.9776110105035407,0.013041852468742749,-33.69183686146,56.90209684927001,FALSE
SanPablo,T2,2,1.9960940502981115,0.011542467121377359,-33.69183686146,56.90209684927001,FALSE
SanPablo,T2,6,2.0337458535335737,0.007308026060899255,-33.69183686146,56.90209684927001,FALSE
SanPablo,T2,12,2.059116795755984,7.536119889995986e-4,-33.69183686146,56.90209684927001,FALSE
SanPablo,T2,18,2.053170271773423,-0.0019338803816731994,-33.69183686146,56.90209684927001,FALSE
SanPablo,T2,24,2.04343186206419,-7.498068190482683e-4,-33.69183686146,56.90209684927001,FALSE
SanPablo,T2,48,2.0664739570769344,0.004730193415007928,-33.69183686146,56.90209684927001,FALSE
Buck'sLanding,T1,0.5,1.7010695502979745,0.17785756524338506,-5.367234241,36.146837227,FALSE
Buck'sLanding,T1,2,1.858339098018449,0.029683759366552744,-5.367234241,36.146837227,FALSE
Buck'sLanding,T1,6,1.8720950223241668,0.011042868133608962,-5.367234241,36.146837227,FALSE
Buck'sLanding,T1,12,1.8663152905950524,-0.0017258381248208801,-5.367234241,36.146837227,FALSE
Buck'sLanding,T1,18,1.8408866750284556,-0.02221947652684898,-5.367234241,36.146837227,FALSE
Buck'sLanding,T1,24,1.8505249450567665,0.02688120789993156,-5.367234241,36.146837227,FALSE
Buck'sLanding,T1,48,1.9213412083643293,0.007092428831967581,-5.367234241,36.146837227,TRUE
Buck'sLanding,T2,0.5,1.8307718827004937,-4.902368587095996e-4,-9.220044054,32.351144799,FALSE
Buck'sLanding,T2,2,1.8375292375952914,0.008793356844285838,-9.220044054,32.351144799,FALSE
Buck'sLanding,T2,6,1.8947390356307319,0.012184614823766728,-9.220044054,32.351144799,FALSE
Buck'sLanding,T2,12,1.8694116559719185,0.026617833671461616,-9.220044054,32.351144799,FALSE
Buck'sLanding,T2,18,1.9112682741845786,-0.015477125312065262,-9.220044054,32.351144799,FALSE
Buck'sLanding,T2,24,1.8589100935344454,0.01213652588304522,-9.220044054,32.351144799,FALSE
Buck'sLanding,T2,48,1.4953854337338937,-0.02376690670714356,-9.220044054,32.351144799,TRUE
