Location,FileName,SurveyDate,Point_ID,Kind,Transect_ID,Type,Station_nom_m,Track,Seq,Northing,Easting,Elevation_ft,Elevation_m,Distance_m,Lat,Lon,CRS
Corte Madera,corte-madera-06162025-final.csv,2025-06-16,benchmark-start-1,benchmark,,benchmark start,,,,1739226.08,6407543.859,17.515,5.338582677,,37.9367218,-122.5343283,CA zone II (EPSG:2226)
Corte Madera,corte-madera-06162025-final.csv,2025-06-16,benchmark-start-2,benchmark,,benchmark start,,,,1739226.042,6407543.886,17.433,5.313589027,,37.9367217,-122.5343282,CA zone II (EPSG:2226)
Corte Madera,corte-madera-06162025-final.csv,2025-06-16,benchmark-start-3,benchmark,,benchmark start,,,,1739226.05,6407543.881,17.493,5.331877064,,37.9367217,-122.5343282,CA zone II (EPSG:2226)
Corte Madera,corte-madera-06162025-final.csv,2025-06-16,benchmark-start-4,benchmark,,benchmark start,,,,1739226.034,6407543.849,17.429,5.312369825,,37.9367217,-122.5343283,CA zone II (EPSG:2226)
Corte Madera,corte-madera-06162025-final.csv,2025-06-16,benchmark-final-1,benchmark,,benchmark end,,,,1739225.999,6407544.049,17.731,5.404419609,,37.9367216,-122.5343276,CA zone II (EPSG:2226)
Corte Madera,corte-madera-06162025-final.csv,2025-06-16,benchmark-final-2,benchmark,,benchmark end,,,,1739225.931,6407544.147,17.666,5.384607569,,37.9367214,-122.5343273,CA zone II (EPSG:2226)
Corte Madera,corte-madera-06162025-final.csv,2025-06-16,benchmark-final-3,benchmark,,benchmark end,,,,1739225.936,6407544.097,17.421,5.30993142,,37.9367214,-122.5343274,CA zone II (EPSG:2226)
Corte Madera,corte-madera-06162025-final.csv,2025-06-16,benchmark-final-4,benchmark,,benchmark end,,,,1739226.005,6407543.945,17.389,5.3001778,,37.9367216,-122.534328,CA zone II (EPSG:2226)
Corte Madera,corte-madera-06162025-final.csv,2025-06-16,benchmark-final-5,benchmark,,benchmark end,,,,1739226.006,6407543.984,17.561,5.352603505,,37.9367216,-122.5343278,CA zone II (EPSG:2226)
Corte Madera,corte-madera-06162025-final.csv,2025-06-16,c-3-ep-1,ep,C3,elevation profile,,,1.0,1736638.368,6416401.657,2.539,0.773888748,-3.82,37.9297556,-122.5035701,CA zone II (EPSG:2226)
Corte Madera,corte-madera-06162025-final.csv,2025-06-16,c-3-ep-2,ep,C3,elevation profile,,,2.0,1736637.508,6416400.92,2.718,0.828448057,-3.47,37.9297532,-122.5035727,CA zone II (EPSG:2226)
Corte Madera,corte-madera-06162025-final.csv,2025-06-16,c-3-ep-3,ep,C3,elevation profile,,,3.0,1736636.711,6416400.26,2.585,0.787909576,-3.16,37.929751,-122.5035749,CA zone II (EPSG:2226)
Corte Madera,corte-madera-06162025-final.csv,2025-06-16,c-3-ep-4,ep,C3,elevation profile,,,4.0,1736635.744,6416399.499,2.771,0.844602489,-2.78,37.9297483,-122.5035775,CA zone II (EPSG:2226)
Corte Madera,corte-madera-06162025-final.csv,2025-06-16,c-3-ep-5,ep,C3,elevation profile,,,5.0,1736634.739,6416398.771,2.992,0.911963424,-2.4,37.9297456,-122.5035801,CA zone II (EPSG:2226)
Corte Madera,corte-madera-06162025-final.csv,2025-06-16,c-3-ep-6,ep,C3,elevation profile,,,6.0,1736634.417,6416398.838,3.714,1.132029464,-2.3,37.9297447,-122.5035798,CA zone II (EPSG:2226)
Corte Madera,corte-madera-06162025-final.csv,2025-06-16,c-3-ep-7,ep,C3,elevation profile,,,7.0,1736634.691,6416399.159,4.412,1.34478029,-2.17,37.9297455,-122.5035787,CA zone II (EPSG:2226)
Corte Madera,corte-madera-06162025-final.csv,2025-06-16,c-3-ep-8,ep,C3,elevation profile,,,8.0,1736634.785,6416398.848,4.662,1.420980442,-2.07,37.9297457,-122.5035798,CA zone II (EPSG:2226)
Corte Madera,corte-madera-06162025-final.csv,2025-06-16,c-3-ep-9,ep,C3,elevation profile,,,9.0,1736634.598,6416398.797,5.269,1.605994412,-2.01,37.9297452,-122.50358,CA zone II (EPSG:2226)
Corte Madera,corte-madera-06162025-final.csv,2025-06-16,c-3-ep-10,ep,C3,elevation profile,,,10.0,1736634.271,6416398.544,5.403,1.646837694,-1.89,37.9297443,-122.5035808,CA zone II (EPSG:2226)
Corte Madera,corte-madera-06162025-final.csv,2025-06-16,c-3-ep-11,ep,C3,elevation profile,,,11.0,1736633.524,6416397.835,5.457,1.663296927,-1.57,37.9297422,-122.5035833,CA zone II (EPSG:2226)
Corte Madera,corte-madera-06162025-final.csv,2025-06-16,c-3-ep-12,ep,C3,elevation profile,,,12.0,1736632.346,6416395.791,5.732,1.747117094,-0.86,37.929739,-122.5035903,CA zone II (EPSG:2226)
Corte Madera,corte-madera-06162025-final.csv,2025-06-16,c-3-ep-13pin,ep,C3,elevation profile,,,13.0,1736631.15,6416393.251,5.71,1.740411481,0.0,37.9297356,-122.5035991,CA zone II (EPSG:2226)
Corte Madera,corte-madera-06162025-final.csv,2025-06-16,c-3-ep-14,ep,C3,elevation profile,,,14.0,1736629.452,6416390.762,5.886,1.794056388,0.92,37.9297309,-122.5036077,CA zone II (EPSG:2226)
Corte Madera,corte-madera-06162025-final.csv,2025-06-16,c-3-ep-15,ep,C3,elevation profile,,,15.0,1736627.321,6416387.088,5.761,1.755956312,2.21,37.929725,-122.5036204,CA zone II (EPSG:2226)
Corte Madera,corte-madera-06162025-final.csv,2025-06-16,c-3-ep-16,ep,C3,elevation profile,,,16.0,1736624.539,6416379.633,5.656,1.723952248,4.64,37.9297173,-122.5036462,CA zone II (EPSG:2226)
Corte Madera,corte-madera-06162025-final.csv,2025-06-16,c-3-ep-17,ep,C3,elevation profile,,,17.0,1736620.91,6416373.317,5.545,1.69011938,6.86,37.9297072,-122.503668,CA zone II (EPSG:2226)
Corte Madera,corte-madera-06162025-final.csv,2025-06-16,c-3-ep-18,ep,C3,elevation profile,,,18.0,1736615.714,6416366.055,5.642,1.719685039,9.58,37.9296928,-122.5036931,CA zone II (EPSG:2226)
Corte Madera,corte-madera-06162025-final.csv,2025-06-16,c-3-ep-19,ep,C3,elevation profile,,,19.0,1736609.018,6416355.838,5.657,1.724257049,13.3,37.9296743,-122.5037284,CA zone II (EPSG:2226)
Corte Madera,corte-madera-06162025-final.csv,2025-06-16,c-3-ep-20,ep,C3,elevation profile,,,20.0,1736602.659,6416346.137,5.68,1.731267463,16.84,37.9296567,-122.5037619,CA zone II (EPSG:2226)
Corte Madera,corte-madera-06162025-final.csv,2025-06-16,c-3-ep-21,ep,C3,elevation profile,,,21.0,1736598.084,6416333.914,5.749,1.752298705,20.82,37.9296439,-122.5038042,CA zone II (EPSG:2226)
Corte Madera,corte-madera-06162025-final.csv,2025-06-16,c-3-ep-22,ep,C3,elevation profile,,,22.0,1736595.386,6416325.076,5.792,1.765405131,23.63,37.9296364,-122.5038348,CA zone II (EPSG:2226)
Corte Madera,corte-madera-06162025-final.csv,2025-06-16,c-3-ep-23,ep,C3,elevation profile,,,23.0,1736592.801,6416317.535,5.754,1.753822708,26.06,37.9296292,-122.5038608,CA zone II (EPSG:2226)
Corte Madera,corte-madera-06162025-final.csv,2025-06-16,c-3-ep-24,ep,C3,elevation profile,,,24.0,1736590.314,6416308.196,5.641,1.719380239,29.01,37.9296222,-122.5038932,CA zone II (EPSG:2226)
Corte Madera,corte-madera-06162025-final.csv,2025-06-16,c-3-ep-25,ep,C3,elevation profile,,,25.0,1736588.343,6416298.137,5.744,1.750774702,32.13,37.9296167,-122.503928,CA zone II (EPSG:2226)
Corte Madera,corte-madera-06162025-final.csv,2025-06-16,c-3-ep-26,ep,C3,elevation profile,,,26.0,1736587.02,6416288.291,5.769,1.758394717,35.16,37.9296129,-122.5039621,CA zone II (EPSG:2226)
Corte Madera,corte-madera-06162025-final.csv,2025-06-16,c-3-ep-27,ep,C3,elevation profile,,,27.0,1736584.664,6416275.075,5.888,1.794665989,39.25,37.9296062,-122.5040079,CA zone II (EPSG:2226)
Corte Madera,corte-madera-06162025-final.csv,2025-06-16,c-3-ep-28,ep,C3,elevation profile,,,28.0,1736583.014,6416264.732,5.91,1.801371603,42.45,37.9296015,-122.5040437,CA zone II (EPSG:2226)
Corte Madera,corte-madera-06162025-final.csv,2025-06-16,c-3-ep-29,ep,C3,elevation profile,,,29.0,1736580.494,6416256.14,5.931,1.807772416,45.17,37.9295945,-122.5040734,CA zone II (EPSG:2226)
Corte Madera,corte-madera-06162025-final.csv,2025-06-16,c-3-ep-30,ep,C3,elevation profile,,,30.0,1736578.586,6416249.866,5.631,1.716332233,47.17,37.9295891,-122.5040951,CA zone II (EPSG:2226)
Corte Madera,corte-madera-06162025-final.csv,2025-06-16,c-3-ep-31,ep,C3,elevation profile,,,31.0,1736577.089,6416246.752,5.81,1.770891542,48.23,37.929585,-122.5041059,CA zone II (EPSG:2226)
Corte Madera,corte-madera-06162025-final.csv,2025-06-16,c-3-ep-32,ep,C3,elevation profile,,,32.0,1736576.737,6416245.593,5.605,1.708407417,48.6,37.929584,-122.5041099,CA zone II (EPSG:2226)
Corte Madera,corte-madera-06162025-final.csv,2025-06-16,c-3-ep-33,ep,C3,elevation profile,,,33.0,1736576.469,6416244.825,5.524,1.683718567,48.84,37.9295832,-122.5041126,CA zone II (EPSG:2226)
Corte Madera,corte-madera-06162025-final.csv,2025-06-16,c-3-ep-34,ep,C3,elevation profile,,,34.0,1736576.495,6416243.801,5.509,1.679146558,49.16,37.9295833,-122.5041161,CA zone II (EPSG:2226)
Corte Madera,corte-madera-06162025-final.csv,2025-06-16,c-3-ep-35,ep,C3,elevation profile,,,35.0,1736576.611,6416242.616,5.765,1.757175514,49.52,37.9295836,-122.5041202,CA zone II (EPSG:2226)
Corte Madera,corte-madera-06162025-final.csv,2025-06-16,c-3-ep-36,ep,C3,elevation profile,,,36.0,1736575.102,6416235.215,5.796,1.766624333,51.82,37.9295793,-122.5041459,CA zone II (EPSG:2226)
Corte Madera,corte-madera-06162025-final.csv,2025-06-16,c-3-ep-37,ep,C3,elevation profile,,,37.0,1736573.019,6416224.189,5.729,1.746202692,55.24,37.9295735,-122.504184,CA zone II (EPSG:2226)
Corte Madera,corte-madera-06162025-final.csv,2025-06-16,c-3-ep-38,ep,C3,elevation profile,,,38.0,1736569.938,6416215.686,5.81,1.770891542,58.0,37.9295649,-122.5042135,CA zone II (EPSG:2226)
Corte Madera,corte-madera-06162025-final.csv,2025-06-16,c-3-ep-39,ep,C3,elevation profile,,,39.0,1736566.233,6416202.438,5.741,1.7498603,62.19,37.9295545,-122.5042593,CA zone II (EPSG:2226)
Corte Madera,corte-madera-06162025-final.csv,2025-06-16,c-3-ep-40,ep,C3,elevation profile,,,40.0,1736562.294,6416194.359,5.661,1.725476251,64.93,37.9295436,-122.5042872,CA zone II (EPSG:2226)
Corte Madera,corte-madera-06162025-final.csv,2025-06-16,c-4-ep-1,ep,C4,elevation profile,,,1.0,1736532.282,6416464.893,2.149,0.65501651,-4.09,37.9294653,-122.5033489,CA zone II (EPSG:2226)
Corte Madera,corte-madera-06162025-final.csv,2025-06-16,c-4-ep-2,ep,C4,elevation profile,,,2.0,1736531.098,6416463.984,2.14,0.652273305,-3.64,37.929462,-122.503352,CA zone II (EPSG:2226)
Corte Madera,corte-madera-06162025-final.csv,2025-06-16,c-4-ep-3,ep,C4,elevation profile,,,3.0,1736530.005,6416463.145,2.095,0.638557277,-3.22,37.929459,-122.5033549,CA zone II (EPSG:2226)
Corte Madera,corte-madera-06162025-final.csv,2025-06-16,c-4-ep-4,ep,C4,elevation profile,,,4.0,1736528.392,6416461.781,2.517,0.767183134,-2.57,37.9294545,-122.5033596,CA zone II (EPSG:2226)
Corte Madera,corte-madera-06162025-final.csv,2025-06-16,c-4-ep-5,ep,C4,elevation profile,,,5.0,1736528.377,6416461.711,2.41,0.734569469,-2.55,37.9294545,-122.5033598,CA zone II (EPSG:2226)
Corte Madera,corte-madera-06162025-final.csv,2025-06-16,c-4-ep-6,ep,C4,elevation profile,,,6.0,1736527.641,6416460.846,2.933,0.893980188,-2.21,37.9294525,-122.5033628,CA zone II (EPSG:2226)
Corte Madera,corte-madera-06162025-final.csv,2025-06-16,c-4-ep-7,ep,C4,elevation profile,,,7.0,1736528.492,6416462.206,4.461,1.359715519,-1.72,37.9294548,-122.5033581,CA zone II (EPSG:2226)
Corte Madera,corte-madera-06162025-final.csv,2025-06-16,c-4-ep-8,ep,C4,elevation profile,,,8.0,1736527.082,6416461.144,5.157,1.571856744,-1.18,37.9294509,-122.5033618,CA zone II (EPSG:2226)
Corte Madera,corte-madera-06162025-final.csv,2025-06-16,c-4-ep-9,ep,C4,elevation profile,,,9.0,1736525.41,6416459.052,5.505,1.677927356,-0.36,37.9294463,-122.503369,CA zone II (EPSG:2226)
Corte Madera,corte-madera-06162025-final.csv,2025-06-16,c-4-ep-10pin,ep,C4,elevation profile,,,10.0,1736524.338,6416458.532,5.515,1.680975362,0.0,37.9294434,-122.5033708,CA zone II (EPSG:2226)
Corte Madera,corte-madera-06162025-final.csv,2025-06-16,c-4-ep-11,ep,C4,elevation profile,,,11.0,1736522.509,6416454.271,5.591,1.704140208,1.41,37.9294383,-122.5033855,CA zone II (EPSG:2226)
Corte Madera,corte-madera-06162025-final.csv,2025-06-16,c-4-ep-12,ep,C4,elevation profile,,,12.0,1736519.931,6416448.763,5.697,1.736449073,3.27,37.9294311,-122.5034045,CA zone II (EPSG:2226)
Corte Madera,corte-madera-06162025-final.csv,2025-06-16,c-4-ep-13,ep,C4,elevation profile,,,13.0,1736517.106,6416443.997,5.712,1.741021082,4.96,37.9294233,-122.503421,CA zone II (EPSG:2226)
Corte Madera,corte-madera-06162025-final.csv,2025-06-16,c-4-ep-14,ep,C4,elevation profile,,,14.0,1736514.067,6416439.068,5.618,1.712369825,6.72,37.9294149,-122.503438,CA zone II (EPSG:2226)
Corte Madera,corte-madera-06162025-final.csv,2025-06-16,c-4-ep-15,ep,C4,elevation profile,,,15.0,1736508.988,6416430.578,5.78,1.761747523,9.74,37.9294008,-122.5034674,CA zone II (EPSG:2226)
Corte Madera,corte-madera-06162025-final.csv,2025-06-16,c-4-ep-16,ep,C4,elevation profile,,,16.0,1736506.329,6416423.37,5.676,1.73004826,12.08,37.9293934,-122.5034923,CA zone II (EPSG:2226)
Corte Madera,corte-madera-06162025-final.csv,2025-06-16,c-4-ep-17,ep,C4,elevation profile,,,17.0,1736501.728,6416417.033,5.719,1.743154686,14.46,37.9293806,-122.5035142,CA zone II (EPSG:2226)
Corte Madera,corte-madera-06162025-final.csv,2025-06-16,c-4-ep-18,ep,C4,elevation profile,,,18.0,1736495.713,6416408.626,5.769,1.758394717,17.62,37.929364,-122.5035432,CA zone II (EPSG:2226)
Corte Madera,corte-madera-06162025-final.csv,2025-06-16,c-4-ep-19,ep,C4,elevation profile,,,19.0,1736490.251,6416397.806,5.751,1.752908306,21.31,37.9293488,-122.5035806,CA zone II (EPSG:2226)
Corte Madera,corte-madera-06162025-final.csv,2025-06-16,c-4-ep-20,ep,C4,elevation profile,,,20.0,1736482.42,6416385.621,5.695,1.735839472,25.72,37.9293272,-122.5036227,CA zone II (EPSG:2226)
Corte Madera,corte-madera-06162025-final.csv,2025-06-16,c-4-ep-21,ep,C4,elevation profile,,,21.0,1736476.746,6416374.687,5.776,1.760528321,29.48,37.9293114,-122.5036605,CA zone II (EPSG:2226)
Corte Madera,corte-madera-06162025-final.csv,2025-06-16,c-4-ep-22,ep,C4,elevation profile,,,22.0,1736469.847,6416363.294,5.908,1.800762002,33.54,37.9292923,-122.5036999,CA zone II (EPSG:2226)
Corte Madera,corte-madera-06162025-final.csv,2025-06-16,c-4-ep-23,ep,C4,elevation profile,,,23.0,1736466.306,6416355.756,5.933,1.808382017,36.08,37.9292825,-122.5037259,CA zone II (EPSG:2226)
Corte Madera,corte-madera-06162025-final.csv,2025-06-16,c-4-ep-24,ep,C4,elevation profile,,,24.0,1736461.898,6416348.256,5.822,1.774549149,38.73,37.9292702,-122.5037518,CA zone II (EPSG:2226)
Corte Madera,corte-madera-06162025-final.csv,2025-06-16,c-4-ep-25,ep,C4,elevation profile,,,25.0,1736457.82,6416337.847,5.621,1.713284227,42.14,37.9292589,-122.5037878,CA zone II (EPSG:2226)
Corte Madera,corte-madera-06162025-final.csv,2025-06-16,c-4-ep-26,ep,C4,elevation profile,,,26.0,1736451.698,6416326.077,5.776,1.760528321,46.18,37.9292419,-122.5038285,CA zone II (EPSG:2226)
Corte Madera,corte-madera-06162025-final.csv,2025-06-16,c-4-ep-27,ep,C4,elevation profile,,,27.0,1736447.85,6416316.636,5.622,1.713589027,49.29,37.9292312,-122.5038612,CA zone II (EPSG:2226)
Corte Madera,corte-madera-06162025-final.csv,2025-06-16,c-4-ep-28,ep,C4,elevation profile,,,28.0,1736446.022,6416307.048,5.619,1.712674625,52.26,37.929226,-122.5038944,CA zone II (EPSG:2226)
Corte Madera,corte-madera-06162025-final.csv,2025-06-16,c-4-ep-29,ep,C4,elevation profile,,,29.0,1736444.092,6416297.432,5.626,1.71480823,55.25,37.9292206,-122.5039277,CA zone II (EPSG:2226)
Corte Madera,corte-madera-06162025-final.csv,2025-06-16,c-4-ep-30,ep,C4,elevation profile,,,30.0,1736442.208,6416289.253,5.579,1.700482601,57.81,37.9292153,-122.503956,CA zone II (EPSG:2226)
Corte Madera,corte-madera-06162025-final.csv,2025-06-16,c-4-ep-31,ep,C4,elevation profile,,,31.0,1736438.817,6416278.143,5.567,1.696824994,61.35,37.9292058,-122.5039944,CA zone II (EPSG:2226)
Corte Madera,corte-madera-06162025-final.csv,2025-06-16,c-4-ep-32,ep,C4,elevation profile,,,32.0,1736438.858,6416278.107,5.616,1.711760224,61.37,37.9292059,-122.5039946,CA zone II (EPSG:2226)
Corte Madera,corte-madera-06162025-final.csv,2025-06-16,c-4-ep-33,ep,C4,elevation profile,,,33.0,1736435.289,6416267.953,5.496,1.67518415,64.65,37.929196,-122.5040297,CA zone II (EPSG:2226)
Corte Madera,corte-madera-06162025-final.csv,2025-06-16,c-4-ep-34,ep,C4,elevation profile,,,34.0,1736435.355,6416267.965,5.558,1.694081788,64.67,37.9291961,-122.5040297,CA zone II (EPSG:2226)
Corte Madera,corte-madera-06162025-final.csv,2025-06-16,c-4-ep-35,ep,C4,elevation profile,,,35.0,1736434.519,6416265.21,5.129,1.563322327,65.55,37.9291938,-122.5040392,CA zone II (EPSG:2226)
Corte Madera,corte-madera-06162025-final.csv,2025-06-16,c-4-ep-36,ep,C4,elevation profile,,,36.0,1736434.539,6416264.428,5.617,1.712065024,65.78,37.9291938,-122.5040419,CA zone II (EPSG:2226)
Corte Madera,corte-madera-06162025-final.csv,2025-06-16,c-4-ep-37,ep,C4,elevation profile,,,37.0,1736434.263,6416261.497,5.631,1.716332233,66.68,37.929193,-122.5040521,CA zone II (EPSG:2226)
Corte Madera,corte-madera-06162025-final.csv,2025-06-16,c-4-ep-38,ep,C4,elevation profile,,,38.0,1736432.381,6416254.769,5.636,1.717856236,68.81,37.9291878,-122.5040753,CA zone II (EPSG:2226)
Corte Madera,corte-madera-06162025-final.csv,2025-06-16,c-4-ep-39,ep,C4,elevation profile,,,39.0,1736432.497,6416254.713,5.97,1.819659639,68.85,37.9291881,-122.5040755,CA zone II (EPSG:2226)
Corte Madera,corte-madera-06162025-final.csv,2025-06-16,c-4-ep-40,ep,C4,elevation profile,,,40.0,1736430.73,6416249.223,5.73,1.746507493,70.61,37.9291832,-122.5040945,CA zone II (EPSG:2226)
Gallinas Creek,gallinas-creek-06172025-final.csv,2025-06-17,benchmark-start-1,benchmark,,benchmark start,,,,1766269.921,6418508.996,8.41,2.563373127,,38.0111477,-122.4968266,CA zone II (EPSG:2226)
Gallinas Creek,gallinas-creek-06172025-final.csv,2025-06-17,benchmark-start-2,benchmark,,benchmark start,,,,1766269.934,6418509.001,8.439,2.572212344,,38.0111477,-122.4968266,CA zone II (EPSG:2226)
Gallinas Creek,gallinas-creek-06172025-final.csv,2025-06-17,benchmark-start-3,benchmark,,benchmark start,,,,1766269.941,6418509.019,8.425,2.567945136,,38.0111477,-122.4968265,CA zone II (EPSG:2226)
Gallinas Creek,gallinas-creek-06172025-final.csv,2025-06-17,benchmark-start-4,benchmark,,benchmark start,,,,1766269.911,6418509.011,8.434,2.570688341,,38.0111477,-122.4968265,CA zone II (EPSG:2226)
Gallinas Creek,gallinas-creek-06172025-final.csv,2025-06-17,benchmark-start-5,benchmark,,benchmark start,,,,1766269.974,6418509.027,8.442,2.573126746,,38.0111478,-122.4968265,CA zone II (EPSG:2226)
Gallinas Creek,gallinas-creek-06172025-final.csv,2025-06-17,benchmark-final-1,benchmark,,benchmark end,,,,1766270.146,6418508.937,8.528,2.599339599,,38.0111483,-122.4968268,CA zone II (EPSG:2226)
Gallinas Creek,gallinas-creek-06172025-final.csv,2025-06-17,benchmark-final-2,benchmark,,benchmark end,,,,1766270.191,6418508.948,8.557,2.608178816,,38.0111484,-122.4968268,CA zone II (EPSG:2226)
Gallinas Creek,gallinas-creek-06172025-final.csv,2025-06-17,benchmark-final-3,benchmark,,benchmark end,,,,1766270.171,6418508.978,8.573,2.613055626,,38.0111484,-122.4968267,CA zone II (EPSG:2226)
Gallinas Creek,gallinas-creek-06172025-final.csv,2025-06-17,benchmark-final-4,benchmark,,benchmark end,,,,1766270.14,6418508.969,8.554,2.607264415,,38.0111483,-122.4968267,CA zone II (EPSG:2226)
Gallinas Creek,gallinas-creek-06172025-final.csv,2025-06-17,benchmark-final-5,benchmark,,benchmark end,,,,1766270.137,6418508.953,8.522,2.597510795,,38.0111483,-122.4968268,CA zone II (EPSG:2226)
Gallinas Creek,gallinas-creek-06172025-final.csv,2025-06-17,b-1-ep-1,ep,B1,elevation profile,,,1.0,1768032.806,6416899.985,3.434,1.046685293,-8.07,38.0159638,-122.5024444,CA zone II (EPSG:2226)
Gallinas Creek,gallinas-creek-06172025-final.csv,2025-06-17,b-1-ep-2,ep,B1,elevation profile,,,2.0,1768030.951,6416900.34,3.486,1.062534925,-7.49,38.0159588,-122.5024431,CA zone II (EPSG:2226)
Gallinas Creek,gallinas-creek-06172025-final.csv,2025-06-17,b-1-ep-3,ep,B1,elevation profile,,,3.0,1768029.208,6416900.403,3.619,1.103073406,-6.96,38.015954,-122.5024428,CA zone II (EPSG:2226)
Gallinas Creek,gallinas-creek-06172025-final.csv,2025-06-17,b-1-ep-4,ep,B1,elevation profile,,,4.0,1768026.807,6416900.601,3.747,1.142087884,-6.23,38.0159474,-122.5024421,CA zone II (EPSG:2226)
Gallinas Creek,gallinas-creek-06172025-final.csv,2025-06-17,b-1-ep-5,ep,B1,elevation profile,,,5.0,1768026.292,6416900.793,3.784,1.153365507,-6.06,38.015946,-122.5024414,CA zone II (EPSG:2226)
Gallinas Creek,gallinas-creek-06172025-final.csv,2025-06-17,b-1-ep-6,ep,B1,elevation profile,,,6.0,1768025.921,6416900.725,3.994,1.217373635,-5.95,38.015945,-122.5024417,CA zone II (EPSG:2226)
Gallinas Creek,gallinas-creek-06172025-final.csv,2025-06-17,b-1-ep-7,ep,B1,elevation profile,,,7.0,1768023.324,6416900.799,4.386,1.336855474,-5.15,38.0159378,-122.5024414,CA zone II (EPSG:2226)
Gallinas Creek,gallinas-creek-06172025-final.csv,2025-06-17,b-1-ep-8,ep,B1,elevation profile,,,8.0,1768019.716,6416901.041,4.679,1.426162052,-4.05,38.0159279,-122.5024404,CA zone II (EPSG:2226)
Gallinas Creek,gallinas-creek-06172025-final.csv,2025-06-17,b-1-ep-9,ep,B1,elevation profile,,,9.0,1768015.97,6416900.891,4.871,1.484683769,-2.91,38.0159176,-122.5024409,CA zone II (EPSG:2226)
Gallinas Creek,gallinas-creek-06172025-final.csv,2025-06-17,b-1-ep-10,ep,B1,elevation profile,,,10.0,1768012.628,6416901.102,4.994,1.522174244,-1.89,38.0159085,-122.5024401,CA zone II (EPSG:2226)
Gallinas Creek,gallinas-creek-06172025-final.csv,2025-06-17,b-1-ep-11,ep,B1,elevation profile,,,11.0,1768009.708,6416901.017,5.055,1.540767082,-1.0,38.0159004,-122.5024403,CA zone II (EPSG:2226)
Gallinas Creek,gallinas-creek-06172025-final.csv,2025-06-17,b-1-ep-12,ep,B1,elevation profile,,,12.0,1768008.326,6416901.392,5.11,1.557531115,-0.56,38.0158966,-122.502439,CA zone II (EPSG:2226)
Gallinas Creek,gallinas-creek-06172025-final.csv,2025-06-17,b-1-ep-13pin,ep,B1,elevation profile,,,13.0,1768006.568,6416901.95,5.291,1.612700025,0.0,38.0158918,-122.502437,CA zone II (EPSG:2226)
Gallinas Creek,gallinas-creek-06172025-final.csv,2025-06-17,b-1-ep-14,ep,B1,elevation profile,,,14.0,1768004.524,6416902.091,5.442,1.658724917,0.62,38.0158862,-122.5024365,CA zone II (EPSG:2226)
Gallinas Creek,gallinas-creek-06172025-final.csv,2025-06-17,b-1-ep-15,ep,B1,elevation profile,,,15.0,1768003.23,6416902.114,5.8,1.767843536,1.02,38.0158827,-122.5024364,CA zone II (EPSG:2226)
Gallinas Creek,gallinas-creek-06172025-final.csv,2025-06-17,b-1-ep-16,ep,B1,elevation profile,,,16.0,1768001.713,6416901.938,5.845,1.781559563,1.48,38.0158785,-122.502437,CA zone II (EPSG:2226)
Gallinas Creek,gallinas-creek-06172025-final.csv,2025-06-17,b-1-ep-17,ep,B1,elevation profile,,,17.0,1767999.946,6416901.496,6.022,1.835509271,2.04,38.0158736,-122.5024385,CA zone II (EPSG:2226)
Gallinas Creek,gallinas-creek-06172025-final.csv,2025-06-17,b-1-ep-18,ep,B1,elevation profile,,,18.0,1767996.742,6416901.821,6.078,1.852578105,3.02,38.0158648,-122.5024373,CA zone II (EPSG:2226)
Gallinas Creek,gallinas-creek-06172025-final.csv,2025-06-17,b-1-ep-19,ep,B1,elevation profile,,,19.0,1767993.544,6416902.259,6.133,1.869342139,4.01,38.0158561,-122.5024357,CA zone II (EPSG:2226)
Gallinas Creek,gallinas-creek-06172025-final.csv,2025-06-17,b-1-ep-20,ep,B1,elevation profile,,,20.0,1767990.617,6416901.656,6.099,1.858978918,4.92,38.015848,-122.5024378,CA zone II (EPSG:2226)
Gallinas Creek,gallinas-creek-06172025-final.csv,2025-06-17,b-1-ep-21,ep,B1,elevation profile,,,21.0,1767985.393,6416901.478,6.114,1.863550927,6.51,38.0158337,-122.5024383,CA zone II (EPSG:2226)
Gallinas Creek,gallinas-creek-06172025-final.csv,2025-06-17,b-1-ep-22,ep,B1,elevation profile,,,22.0,1767980.639,6416901.802,6.096,1.858064516,7.96,38.0158206,-122.5024371,CA zone II (EPSG:2226)
Gallinas Creek,gallinas-creek-06172025-final.csv,2025-06-17,b-1-ep-23,ep,B1,elevation profile,,,23.0,1767974.968,6416903.237,6.184,1.88488697,9.74,38.0158051,-122.502432,CA zone II (EPSG:2226)
Gallinas Creek,gallinas-creek-06172025-final.csv,2025-06-17,b-1-ep-24,ep,B1,elevation profile,,,24.0,1767970.475,6416903.075,6.095,1.857759716,11.11,38.0157927,-122.5024324,CA zone II (EPSG:2226)
Gallinas Creek,gallinas-creek-06172025-final.csv,2025-06-17,b-1-ep-25,ep,B1,elevation profile,,,25.0,1767963.959,6416902.718,6.16,1.877571755,13.1,38.0157748,-122.5024336,CA zone II (EPSG:2226)
Gallinas Creek,gallinas-creek-06172025-final.csv,2025-06-17,b-1-ep-26,ep,B1,elevation profile,,,26.0,1767956.424,6416902.647,6.119,1.86507493,15.4,38.0157542,-122.5024337,CA zone II (EPSG:2226)
Gallinas Creek,gallinas-creek-06172025-final.csv,2025-06-17,b-1-ep-27,ep,B1,elevation profile,,,27.0,1767945.945,6416902.578,6.124,1.866598933,18.59,38.0157254,-122.5024337,CA zone II (EPSG:2226)
Gallinas Creek,gallinas-creek-06172025-final.csv,2025-06-17,b-1-ep-28,ep,B1,elevation profile,,,28.0,1767934.912,6416901.969,6.059,1.846786894,21.96,38.0156951,-122.5024356,CA zone II (EPSG:2226)
Gallinas Creek,gallinas-creek-06172025-final.csv,2025-06-17,b-1-ep-29,ep,B1,elevation profile,,,29.0,1767925.689,6416902.077,6.109,1.862026924,24.77,38.0156698,-122.502435,CA zone II (EPSG:2226)
Gallinas Creek,gallinas-creek-06172025-final.csv,2025-06-17,b-1-ep-30,ep,B1,elevation profile,,,30.0,1767912.907,6416903.833,5.943,1.811430023,28.71,38.0156347,-122.5024287,CA zone II (EPSG:2226)
Gallinas Creek,gallinas-creek-06172025-final.csv,2025-06-17,b-1-ep-31,ep,B1,elevation profile,,,31.0,1767903.713,6416903.993,5.823,1.77485395,31.51,38.0156094,-122.502428,CA zone II (EPSG:2226)
Gallinas Creek,gallinas-creek-06172025-final.csv,2025-06-17,b-1-ep-32,ep,B1,elevation profile,,,32.0,1767895.236,6416904.601,5.952,1.814173228,34.1,38.0155862,-122.5024257,CA zone II (EPSG:2226)
Gallinas Creek,gallinas-creek-06172025-final.csv,2025-06-17,b-1-ep-33,ep,B1,elevation profile,,,33.0,1767885.509,6416903.295,6.134,1.869646939,37.09,38.0155595,-122.50243,CA zone II (EPSG:2226)
Gallinas Creek,gallinas-creek-06172025-final.csv,2025-06-17,b-1-ep-34,ep,B1,elevation profile,,,34.0,1767873.237,6416902.298,6.179,1.883362967,40.84,38.0155257,-122.5024333,CA zone II (EPSG:2226)
Gallinas Creek,gallinas-creek-06172025-final.csv,2025-06-17,b-1-ep-35,ep,B1,elevation profile,,,35.0,1767862.997,6416901.428,6.296,1.919024638,43.98,38.0154976,-122.5024361,CA zone II (EPSG:2226)
Gallinas Creek,gallinas-creek-06172025-final.csv,2025-06-17,b-1-ep-36,ep,B1,elevation profile,,,36.0,1767847.75,6416900.247,5.953,1.814478029,48.64,38.0154557,-122.5024399,CA zone II (EPSG:2226)
Gallinas Creek,gallinas-creek-06172025-final.csv,2025-06-17,b-1-ep-37,ep,B1,elevation profile,,,37.0,1767837.833,6416898.502,5.99,1.825755652,51.71,38.0154285,-122.5024458,CA zone II (EPSG:2226)
Gallinas Creek,gallinas-creek-06172025-final.csv,2025-06-17,b-1-ep-38,ep,B1,elevation profile,,,38.0,1767830.129,6416896.553,6.027,1.837033274,54.13,38.0154073,-122.5024524,CA zone II (EPSG:2226)
Gallinas Creek,gallinas-creek-06172025-final.csv,2025-06-17,b-2-ep-1,ep,B2,elevation profile,,,1.0,1767829.212,6416853.914,6.122,1.865989332,-53.47,38.0154041,-122.5026003,CA zone II (EPSG:2226)
Gallinas Creek,gallinas-creek-06172025-final.csv,2025-06-17,b-2-ep-2,ep,B2,elevation profile,,,2.0,1767839.792,6416855.312,6.229,1.898602997,-50.21,38.0154332,-122.5025957,CA zone II (EPSG:2226)
Gallinas Creek,gallinas-creek-06172025-final.csv,2025-06-17,b-2-ep-3,ep,B2,elevation profile,,,3.0,1767849.704,6416856.089,6.076,1.851968504,-47.18,38.0154604,-122.5025932,CA zone II (EPSG:2226)
Gallinas Creek,gallinas-creek-06172025-final.csv,2025-06-17,b-2-ep-4,ep,B2,elevation profile,,,4.0,1767858.233,6416856.856,6.22,1.895859792,-44.57,38.0154839,-122.5025907,CA zone II (EPSG:2226)
Gallinas Creek,gallinas-creek-06172025-final.csv,2025-06-17,b-2-ep-5,ep,B2,elevation profile,,,5.0,1767870.849,6416857.924,6.083,1.854102108,-40.72,38.0155185,-122.5025872,CA zone II (EPSG:2226)
Gallinas Creek,gallinas-creek-06172025-final.csv,2025-06-17,b-2-ep-6,ep,B2,elevation profile,,,6.0,1767883.968,6416860.078,6.174,1.881838964,-36.66,38.0155546,-122.50258,CA zone II (EPSG:2226)
Gallinas Creek,gallinas-creek-06172025-final.csv,2025-06-17,b-2-ep-7,ep,B2,elevation profile,,,7.0,1767896.123,6416860.441,6.237,1.901041402,-32.96,38.0155879,-122.502579,CA zone II (EPSG:2226)
Gallinas Creek,gallinas-creek-06172025-final.csv,2025-06-17,b-2-ep-8,ep,B2,elevation profile,,,8.0,1767909.086,6416863.411,6.358,1.937922276,-28.9,38.0156236,-122.5025689,CA zone II (EPSG:2226)
Gallinas Creek,gallinas-creek-06172025-final.csv,2025-06-17,b-2-ep-9,ep,B2,elevation profile,,,9.0,1767922.51,6416864.853,6.247,1.904089408,-24.79,38.0156605,-122.5025642,CA zone II (EPSG:2226)
Gallinas Creek,gallinas-creek-06172025-final.csv,2025-06-17,b-2-ep-10,ep,B2,elevation profile,,,10.0,1767935.627,6416866.994,6.047,1.843129286,-20.74,38.0156965,-122.502557,CA zone II (EPSG:2226)
Gallinas Creek,gallinas-creek-06172025-final.csv,2025-06-17,b-2-ep-11,ep,B2,elevation profile,,,11.0,1767950.196,6416867.869,6.235,1.900431801,-16.29,38.0157365,-122.5025542,CA zone II (EPSG:2226)
Gallinas Creek,gallinas-creek-06172025-final.csv,2025-06-17,b-2-ep-12,ep,B2,elevation profile,,,12.0,1767964.518,6416867.518,6.14,1.871475743,-11.92,38.0157758,-122.5025557,CA zone II (EPSG:2226)
Gallinas Creek,gallinas-creek-06172025-final.csv,2025-06-17,b-2-ep-13,ep,B2,elevation profile,,,13.0,1767973.801,6416867.357,6.052,1.844653289,-9.09,38.0158013,-122.5025565,CA zone II (EPSG:2226)
Gallinas Creek,gallinas-creek-06172025-final.csv,2025-06-17,b-2-ep-14,ep,B2,elevation profile,,,14.0,1767986.904,6416865.758,5.966,1.818440437,-5.07,38.0158373,-122.5025623,CA zone II (EPSG:2226)
Gallinas Creek,gallinas-creek-06172025-final.csv,2025-06-17,b-2-ep-15,ep,B2,elevation profile,,,15.0,1767986.982,6416865.678,6.044,1.842214884,-5.03,38.0158375,-122.5025625,CA zone II (EPSG:2226)
Gallinas Creek,gallinas-creek-06172025-final.csv,2025-06-17,b-2-ep-16,ep,B2,elevation profile,,,16.0,1767997.463,6416865.072,5.893,1.796189992,-1.83,38.0158663,-122.5025649,CA zone II (EPSG:2226)
Gallinas Creek,gallinas-creek-06172025-final.csv,2025-06-17,b-2-ep-17,ep,B2,elevation profile,,,17.0,1768001.137,6416864.916,5.781,1.762052324,-0.71,38.0158764,-122.5025655,CA zone II (EPSG:2226)
Gallinas Creek,gallinas-creek-06172025-final.csv,2025-06-17,b-2-ep-18pin,ep,B2,elevation profile,,,18.0,1768003.444,6416864.521,5.376,1.638608077,0.0,38.0158827,-122.5025669,CA zone II (EPSG:2226)
Gallinas Creek,gallinas-creek-06172025-final.csv,2025-06-17,b-2-ep-19,ep,B2,elevation profile,,,19.0,1768006.664,6416863.613,5.165,1.574295149,1.02,38.0158915,-122.5025701,CA zone II (EPSG:2226)
Gallinas Creek,gallinas-creek-06172025-final.csv,2025-06-17,b-2-ep-20,ep,B2,elevation profile,,,20.0,1768007.49,6416863.487,5.009,1.526746253,1.27,38.0158938,-122.5025705,CA zone II (EPSG:2226)
Gallinas Creek,gallinas-creek-06172025-final.csv,2025-06-17,b-2-ep-21,ep,B2,elevation profile,,,21.0,1768010.39,6416862.993,4.992,1.521564643,2.17,38.0159017,-122.5025723,CA zone II (EPSG:2226)
Gallinas Creek,gallinas-creek-06172025-final.csv,2025-06-17,b-2-ep-22,ep,B2,elevation profile,,,22.0,1768013.364,6416862.776,4.841,1.475539751,3.08,38.0159099,-122.5025731,CA zone II (EPSG:2226)
Gallinas Creek,gallinas-creek-06172025-final.csv,2025-06-17,b-2-ep-23,ep,B2,elevation profile,,,23.0,1768016.059,6416862.447,4.745,1.446278893,3.91,38.0159173,-122.5025743,CA zone II (EPSG:2226)
Gallinas Creek,gallinas-creek-06172025-final.csv,2025-06-17,b-2-ep-24,ep,B2,elevation profile,,,24.0,1768019.53,6416861.796,4.575,1.394462789,4.98,38.0159268,-122.5025766,CA zone II (EPSG:2226)
Gallinas Creek,gallinas-creek-06172025-final.csv,2025-06-17,b-2-ep-25,ep,B2,elevation profile,,,25.0,1768021.249,6416861.754,4.44,1.353314707,5.51,38.0159315,-122.5025768,CA zone II (EPSG:2226)
Gallinas Creek,gallinas-creek-06172025-final.csv,2025-06-17,b-2-ep-26,ep,B2,elevation profile,,,26.0,1768023.411,6416861.865,4.154,1.266141732,6.17,38.0159375,-122.5025765,CA zone II (EPSG:2226)
Gallinas Creek,gallinas-creek-06172025-final.csv,2025-06-17,b-2-ep-27,ep,B2,elevation profile,,,27.0,1768024.4,6416861.885,4.091,1.246939294,6.47,38.0159402,-122.5025764,CA zone II (EPSG:2226)
Gallinas Creek,gallinas-creek-06172025-final.csv,2025-06-17,b-2-ep-28,ep,B2,elevation profile,,,28.0,1768025.481,6416861.939,3.849,1.173177546,6.8,38.0159432,-122.5025763,CA zone II (EPSG:2226)
Gallinas Creek,gallinas-creek-06172025-final.csv,2025-06-17,b-2-ep-29,ep,B2,elevation profile,,,29.0,1768027.33,6416862.05,3.729,1.136601473,7.36,38.0159482,-122.5025759,CA zone II (EPSG:2226)
Gallinas Creek,gallinas-creek-06172025-final.csv,2025-06-17,b-2-ep-30,ep,B2,elevation profile,,,30.0,1768029.36,6416862.483,3.629,1.106121412,8.0,38.0159538,-122.5025745,CA zone II (EPSG:2226)
Gallinas Creek,gallinas-creek-06172025-final.csv,2025-06-17,b-2-ep-31,ep,B2,elevation profile,,,31.0,1768030.976,6416862.725,3.668,1.118008636,8.49,38.0159583,-122.5025736,CA zone II (EPSG:2226)
Gallinas Creek,gallinas-creek-06172025-final.csv,2025-06-17,b-2-ep-32,ep,B2,elevation profile,,,32.0,1768032.165,6416862.675,3.449,1.051257303,8.86,38.0159615,-122.5025738,CA zone II (EPSG:2226)
Gallinas Creek,gallinas-creek-06172025-final.csv,2025-06-17,b-3-ep-1,ep,B3,elevation profile,,,1.0,1768028.964,6416998.635,3.386,1.032054864,-17.14,38.0159548,-122.5021019,CA zone II (EPSG:2226)
Gallinas Creek,gallinas-creek-06172025-final.csv,2025-06-17,b-3-ep-2,ep,B3,elevation profile,,,2.0,1768026.789,6416998.472,3.463,1.055524511,-16.47,38.0159488,-122.5021024,CA zone II (EPSG:2226)
Gallinas Creek,gallinas-creek-06172025-final.csv,2025-06-17,b-3-ep-3,ep,B3,elevation profile,,,3.0,1768025.226,6416998.093,3.938,1.200304801,-15.98,38.0159445,-122.5021037,CA zone II (EPSG:2226)
Gallinas Creek,gallinas-creek-06172025-final.csv,2025-06-17,b-3-ep-4,ep,B3,elevation profile,,,4.0,1768024.212,6416997.889,4.581,1.396291593,-15.66,38.0159417,-122.5021044,CA zone II (EPSG:2226)
Gallinas Creek,gallinas-creek-06172025-final.csv,2025-06-17,b-3-ep-5,ep,B3,elevation profile,,,5.0,1768022.302,6416997.742,4.861,1.481635763,-15.08,38.0159365,-122.5021049,CA zone II (EPSG:2226)
Gallinas Creek,gallinas-creek-06172025-final.csv,2025-06-17,b-3-ep-6,ep,B3,elevation profile,,,6.0,1768020.387,6416997.573,4.876,1.486207772,-14.49,38.0159312,-122.5021054,CA zone II (EPSG:2226)
Gallinas Creek,gallinas-creek-06172025-final.csv,2025-06-17,b-3-ep-7,ep,B3,elevation profile,,,7.0,1768016.851,6416997.276,5.097,1.553568707,-13.41,38.0159215,-122.5021064,CA zone II (EPSG:2226)
Gallinas Creek,gallinas-creek-06172025-final.csv,2025-06-17,b-3-ep-8,ep,B3,elevation profile,,,8.0,1768014.446,6416997.255,4.961,1.512115824,-12.68,38.0159149,-122.5021064,CA zone II (EPSG:2226)
Gallinas Creek,gallinas-creek-06172025-final.csv,2025-06-17,b-3-ep-9,ep,B3,elevation profile,,,9.0,1768013.426,6416997.006,4.562,1.390500381,-12.36,38.0159121,-122.5021073,CA zone II (EPSG:2226)
Gallinas Creek,gallinas-creek-06172025-final.csv,2025-06-17,b-3-ep-10,ep,B3,elevation profile,,,10.0,1768011.18,6416996.585,4.487,1.367640335,-11.66,38.0159059,-122.5021087,CA zone II (EPSG:2226)
Gallinas Creek,gallinas-creek-06172025-final.csv,2025-06-17,b-3-ep-11,ep,B3,elevation profile,,,11.0,1768008.839,6416995.908,4.505,1.373126746,-10.92,38.0158995,-122.502111,CA zone II (EPSG:2226)
Gallinas Creek,gallinas-creek-06172025-final.csv,2025-06-17,b-3-ep-12,ep,B3,elevation profile,,,12.0,1768004.665,6416995.69,4.254,1.296621793,-9.65,38.015888,-122.5021117,CA zone II (EPSG:2226)
Gallinas Creek,gallinas-creek-06172025-final.csv,2025-06-17,b-3-ep-13,ep,B3,elevation profile,,,13.0,1768004.669,6416995.668,4.534,1.381965964,-9.64,38.015888,-122.5021117,CA zone II (EPSG:2226)
Gallinas Creek,gallinas-creek-06172025-final.csv,2025-06-17,b-3-ep-14,ep,B3,elevation profile,,,14.0,1767998.327,6416996.726,3.917,1.193903988,-7.68,38.0158706,-122.5021079,CA zone II (EPSG:2226)
Gallinas Creek,gallinas-creek-06172025-final.csv,2025-06-17,b-3-ep-15,ep,B3,elevation profile,,,15.0,1767993.313,6416996.225,4.465,1.360934722,-6.14,38.0158569,-122.5021096,CA zone II (EPSG:2226)
Gallinas Creek,gallinas-creek-06172025-final.csv,2025-06-17,b-3-ep-16,ep,B3,elevation profile,,,16.0,1767985.99,6416996.131,4.464,1.360629921,-3.91,38.0158368,-122.5021098,CA zone II (EPSG:2226)
Gallinas Creek,gallinas-creek-06172025-final.csv,2025-06-17,b-3-ep-17,ep,B3,elevation profile,,,17.0,1767983.061,6416995.833,4.485,1.367030734,-3.01,38.0158287,-122.5021108,CA zone II (EPSG:2226)
Gallinas Creek,gallinas-creek-06172025-final.csv,2025-06-17,b-3-ep-18,ep,B3,elevation profile,,,18.0,1767982.337,6416996.28,4.877,1.486512573,-2.76,38.0158267,-122.5021092,CA zone II (EPSG:2226)
Gallinas Creek,gallinas-creek-06172025-final.csv,2025-06-17,b-3-ep-19,ep,B3,elevation profile,,,19.0,1767980.292,6416996.356,4.974,1.516078232,-2.13,38.0158211,-122.5021089,CA zone II (EPSG:2226)
Gallinas Creek,gallinas-creek-06172025-final.csv,2025-06-17,b-3-ep-20,ep,B3,elevation profile,,,20.0,1767977.758,6416996.34,5.32,1.621539243,-1.36,38.0158142,-122.5021089,CA zone II (EPSG:2226)
Gallinas Creek,gallinas-creek-06172025-final.csv,2025-06-17,b-3-ep-21,ep,B3,elevation profile,,,21.0,1767976.817,6416996.112,5.585,1.702311405,-1.06,38.0158116,-122.5021097,CA zone II (EPSG:2226)
Gallinas Creek,gallinas-creek-06172025-final.csv,2025-06-17,b-3-ep-22,ep,B3,elevation profile,,,22.0,1767975.789,6416996.279,6.263,1.908966218,-0.75,38.0158088,-122.5021091,CA zone II (EPSG:2226)
Gallinas Creek,gallinas-creek-06172025-final.csv,2025-06-17,b-3-ep-23pin,ep,B3,elevation profile,,,23.0,1767973.373,6416995.87,6.209,1.892506985,0.0,38.0158021,-122.5021104,CA zone II (EPSG:2226)
Gallinas Creek,gallinas-creek-06172025-final.csv,2025-06-17,b-3-ep-24,ep,B3,elevation profile,,,24.0,1767970.418,6416996.396,6.296,1.919024638,0.91,38.015794,-122.5021086,CA zone II (EPSG:2226)
Gallinas Creek,gallinas-creek-06172025-final.csv,2025-06-17,b-3-ep-25,ep,B3,elevation profile,,,25.0,1767959.008,6416999.67,6.133,1.869342139,4.53,38.0157627,-122.502097,CA zone II (EPSG:2226)
Gallinas Creek,gallinas-creek-06172025-final.csv,2025-06-17,b-3-ep-26,ep,B3,elevation profile,,,26.0,1767946.599,6417002.661,6.2,1.88976378,8.42,38.0157287,-122.5020864,CA zone II (EPSG:2226)
Gallinas Creek,gallinas-creek-06172025-final.csv,2025-06-17,b-3-ep-27,ep,B3,elevation profile,,,27.0,1767933.568,6417004.841,6.096,1.858064516,12.45,38.015693,-122.5020785,CA zone II (EPSG:2226)
Gallinas Creek,gallinas-creek-06172025-final.csv,2025-06-17,b-3-ep-28,ep,B3,elevation profile,,,28.0,1767919.715,6417008.598,6.219,1.895554991,16.83,38.015655,-122.5020652,CA zone II (EPSG:2226)
Gallinas Creek,gallinas-creek-06172025-final.csv,2025-06-17,b-3-ep-29,ep,B3,elevation profile,,,29.0,1767904.415,6417010.116,6.022,1.835509271,21.51,38.015613,-122.5020597,CA zone II (EPSG:2226)
Gallinas Creek,gallinas-creek-06172025-final.csv,2025-06-17,b-3-ep-30,ep,B3,elevation profile,,,30.0,1767891.735,6417011.887,5.89,1.795275591,25.41,38.0155782,-122.5020533,CA zone II (EPSG:2226)
Gallinas Creek,gallinas-creek-06172025-final.csv,2025-06-17,b-3-ep-31,ep,B3,elevation profile,,,31.0,1767888.416,6417011.648,5.313,1.619405639,26.43,38.0155691,-122.502054,CA zone II (EPSG:2226)
Gallinas Creek,gallinas-creek-06172025-final.csv,2025-06-17,b-3-ep-32,ep,B3,elevation profile,,,32.0,1767886.816,6417011.305,5.618,1.712369825,26.93,38.0155647,-122.5020552,CA zone II (EPSG:2226)
Gallinas Creek,gallinas-creek-06172025-final.csv,2025-06-17,b-3-ep-33,ep,B3,elevation profile,,,33.0,1767872.964,6417007.464,5.863,1.787045974,31.31,38.0155266,-122.5020683,CA zone II (EPSG:2226)
Gallinas Creek,gallinas-creek-06172025-final.csv,2025-06-17,b-3-ep-34,ep,B3,elevation profile,,,34.0,1767856.605,6417005.771,6.137,1.870561341,36.32,38.0154816,-122.5020738,CA zone II (EPSG:2226)
Gallinas Creek,gallinas-creek-06172025-final.csv,2025-06-17,b-3-ep-35,ep,B3,elevation profile,,,35.0,1767839.482,6417006.502,6.062,1.847701295,41.55,38.0154346,-122.502071,CA zone II (EPSG:2226)
Gallinas Creek,gallinas-creek-06172025-final.csv,2025-06-17,b-3-ep-36,ep,B3,elevation profile,,,36.0,1767826.145,6417006.758,6.021,1.83520447,45.61,38.015398,-122.5020698,CA zone II (EPSG:2226)
Gallinas Creek,gallinas-creek-06172025-final.csv,2025-06-17,b-3-ep-37,ep,B3,elevation profile,,,37.0,1767812.721,6417009.648,6.05,1.844043688,49.8,38.0153612,-122.5020595,CA zone II (EPSG:2226)
Gallinas Creek,gallinas-creek-06172025-final.csv,2025-06-17,b-4-ep-1,ep,B4,elevation profile,,,1.0,1767812.199,6417064.095,6.024,1.836118872,-57.73,38.0153606,-122.5018706,CA zone II (EPSG:2226)
Gallinas Creek,gallinas-creek-06172025-final.csv,2025-06-17,b-4-ep-2,ep,B4,elevation profile,,,2.0,1767824.731,6417062.983,6.048,1.843434087,-53.9,38.015395,-122.5018747,CA zone II (EPSG:2226)
Gallinas Creek,gallinas-creek-06172025-final.csv,2025-06-17,b-4-ep-3,ep,B4,elevation profile,,,3.0,1767841.185,6417062.433,6.151,1.87482855,-48.88,38.0154402,-122.5018769,CA zone II (EPSG:2226)
Gallinas Creek,gallinas-creek-06172025-final.csv,2025-06-17,b-4-ep-4,ep,B4,elevation profile,,,4.0,1767858.137,6417060.927,5.824,1.77515875,-43.69,38.0154867,-122.5018824,CA zone II (EPSG:2226)
Gallinas Creek,gallinas-creek-06172025-final.csv,2025-06-17,b-4-ep-5,ep,B4,elevation profile,,,5.0,1767871.389,6417059.087,6.157,1.876657353,-39.62,38.015523,-122.5018891,CA zone II (EPSG:2226)
Gallinas Creek,gallinas-creek-06172025-final.csv,2025-06-17,b-4-ep-6,ep,B4,elevation profile,,,6.0,1767888.645,6417059.611,6.014,1.833070866,-34.35,38.0155704,-122.5018876,CA zone II (EPSG:2226)
Gallinas Creek,gallinas-creek-06172025-final.csv,2025-06-17,b-4-ep-7,ep,B4,elevation profile,,,7.0,1767903.154,6417059.88,6.17,1.880619761,-29.93,38.0156103,-122.5018869,CA zone II (EPSG:2226)
Gallinas Creek,gallinas-creek-06172025-final.csv,2025-06-17,b-4-ep-8,ep,B4,elevation profile,,,8.0,1767920.267,6417059.346,6.204,1.890982982,-24.71,38.0156573,-122.5018891,CA zone II (EPSG:2226)
Gallinas Creek,gallinas-creek-06172025-final.csv,2025-06-17,b-4-ep-9,ep,B4,elevation profile,,,9.0,1767934.192,6417056.818,6.124,1.866598933,-20.4,38.0156955,-122.5018982,CA zone II (EPSG:2226)
Gallinas Creek,gallinas-creek-06172025-final.csv,2025-06-17,b-4-ep-10,ep,B4,elevation profile,,,10.0,1767946.429,6417055.377,5.741,1.7498603,-16.64,38.015729,-122.5019034,CA zone II (EPSG:2226)
Gallinas Creek,gallinas-creek-06172025-final.csv,2025-06-17,b-4-ep-11,ep,B4,elevation profile,,,11.0,1767961.98,6417052.114,5.987,1.82484125,-11.8,38.0157717,-122.501915,CA zone II (EPSG:2226)
Gallinas Creek,gallinas-creek-06172025-final.csv,2025-06-17,b-4-ep-12,ep,B4,elevation profile,,,12.0,1767979.856,6417047.575,5.887,1.794361189,-6.18,38.0158207,-122.5019311,CA zone II (EPSG:2226)
Gallinas Creek,gallinas-creek-06172025-final.csv,2025-06-17,b-4-ep-13,ep,B4,elevation profile,,,13.0,1767991.503,6417042.275,5.825,1.775463551,-2.28,38.0158526,-122.5019497,CA zone II (EPSG:2226)
Gallinas Creek,gallinas-creek-06172025-final.csv,2025-06-17,b-4-ep-14,ep,B4,elevation profile,,,14.0,1767996.141,6417040.544,5.601,1.707188214,-0.77,38.0158653,-122.5019558,CA zone II (EPSG:2226)
Gallinas Creek,gallinas-creek-06172025-final.csv,2025-06-17,b-4-ep-15pin,ep,B4,elevation profile,,,15.0,1767998.531,6417039.742,5.66,1.72517145,0.0,38.0158719,-122.5019587,CA zone II (EPSG:2226)
Gallinas Creek,gallinas-creek-06172025-final.csv,2025-06-17,b-4-ep-16,ep,B4,elevation profile,,,16.0,1768002.548,6417038.865,5.403,1.646837694,1.25,38.0158829,-122.5019618,CA zone II (EPSG:2226)
Gallinas Creek,gallinas-creek-06172025-final.csv,2025-06-17,b-4-ep-17,ep,B4,elevation profile,,,17.0,1768000.375,6417039.055,5.644,1.720294641,1.92,38.0158769,-122.5019611,CA zone II (EPSG:2226)
Gallinas Creek,gallinas-creek-06172025-final.csv,2025-06-17,b-4-ep-18,ep,B4,elevation profile,,,18.0,1768004.875,6417038.95,5.01,1.527051054,3.29,38.0158893,-122.5019615,CA zone II (EPSG:2226)
Gallinas Creek,gallinas-creek-06172025-final.csv,2025-06-17,b-4-ep-19,ep,B4,elevation profile,,,19.0,1768006.124,6417038.797,4.874,1.485598171,3.67,38.0158927,-122.5019621,CA zone II (EPSG:2226)
Gallinas Creek,gallinas-creek-06172025-final.csv,2025-06-17,b-4-ep-20,ep,B4,elevation profile,,,20.0,1768008.865,6417038.844,4.88,1.487426975,4.51,38.0159002,-122.501962,CA zone II (EPSG:2226)
Gallinas Creek,gallinas-creek-06172025-final.csv,2025-06-17,b-4-ep-21,ep,B4,elevation profile,,,21.0,1768012.068,6417038.981,4.725,1.44018288,5.49,38.015909,-122.5019616,CA zone II (EPSG:2226)
Gallinas Creek,gallinas-creek-06172025-final.csv,2025-06-17,b-4-ep-22,ep,B4,elevation profile,,,22.0,1768015.685,6417039.257,4.538,1.383185166,6.59,38.0159189,-122.5019607,CA zone II (EPSG:2226)
Gallinas Creek,gallinas-creek-06172025-final.csv,2025-06-17,b-4-ep-23,ep,B4,elevation profile,,,23.0,1768018.546,6417039.306,4.385,1.336550673,7.46,38.0159268,-122.5019606,CA zone II (EPSG:2226)
Gallinas Creek,gallinas-creek-06172025-final.csv,2025-06-17,b-4-ep-24,ep,B4,elevation profile,,,24.0,1768020.268,6417039.357,4.377,1.334112268,7.99,38.0159315,-122.5019604,CA zone II (EPSG:2226)
Gallinas Creek,gallinas-creek-06172025-final.csv,2025-06-17,b-4-ep-25,ep,B4,elevation profile,,,25.0,1768021.311,6417039.311,4.212,1.283820168,8.31,38.0159344,-122.5019606,CA zone II (EPSG:2226)
Gallinas Creek,gallinas-creek-06172025-final.csv,2025-06-17,b-4-ep-26,ep,B4,elevation profile,,,26.0,1768024.434,6417039.472,3.99,1.216154432,9.26,38.015943,-122.5019601,CA zone II (EPSG:2226)
Gallinas Creek,gallinas-creek-06172025-final.csv,2025-06-17,b-4-ep-27,ep,B4,elevation profile,,,27.0,1768027.497,6417040.153,3.951,1.204267209,10.22,38.0159514,-122.5019578,CA zone II (EPSG:2226)
Gallinas Creek,gallinas-creek-06172025-final.csv,2025-06-17,b-4-ep-28,ep,B4,elevation profile,,,28.0,1768027.465,6417039.575,6.858,2.090322581,10.39,38.0159513,-122.5019598,CA zone II (EPSG:2226)
Sonoma Baylands,sonoma-baylands-06032025-final.csv,2025-06-03,benchmark-start-1,benchmark,,benchmark start,,,,1813355.371,6428340.663,21.61,6.586741173,,38.1405765,-122.46354,CA zone II (EPSG:2226)
Sonoma Baylands,sonoma-baylands-06032025-final.csv,2025-06-03,benchmark-start-2,benchmark,,benchmark start,,,,1813355.373,6428340.663,21.589,6.580340361,,38.1405765,-122.46354,CA zone II (EPSG:2226)
Sonoma Baylands,sonoma-baylands-06032025-final.csv,2025-06-03,benchmark-start-3,benchmark,,benchmark start,,,,1813355.376,6428340.661,21.602,6.584302769,,38.1405765,-122.4635401,CA zone II (EPSG:2226)
Sonoma Baylands,sonoma-baylands-06032025-final.csv,2025-06-03,benchmark-final-1,benchmark,,benchmark end,,,,1813355.339,6428340.668,21.658,6.601371603,,38.1405764,-122.46354,CA zone II (EPSG:2226)
Sonoma Baylands,sonoma-baylands-06032025-final.csv,2025-06-03,benchmark-final-2,benchmark,,benchmark end,,,,1813355.343,6428340.685,21.621,6.59009398,,38.1405764,-122.46354,CA zone II (EPSG:2226)
Sonoma Baylands,sonoma-baylands-06032025-final.csv,2025-06-03,benchmark-final-3,benchmark,,benchmark end,,,,1813355.35,6428340.68,21.617,6.588874778,,38.1405764,-122.46354,CA zone II (EPSG:2226)
Sonoma Baylands,sonoma-baylands-06032025-final.csv,2025-06-03,s-1-ep-1,ep,S1,elevation profile,,,1.0,1804057.339,6425353.882,2.461,0.7501143,-15.08,38.1150037,-122.4737556,CA zone II (EPSG:2226)
Sonoma Baylands,sonoma-baylands-06032025-final.csv,2025-06-03,s-1-ep-2,ep,S1,elevation profile,,,2.0,1804058.927,6425353.494,2.517,0.767183134,-14.58,38.115008,-122.473757,CA zone II (EPSG:2226)
Sonoma Baylands,sonoma-baylands-06032025-final.csv,2025-06-03,s-1-ep-3,ep,S1,elevation profile,,,3.0,1804060.8,6425353.104,2.738,0.834544069,-14.0,38.1150132,-122.4737584,CA zone II (EPSG:2226)
Sonoma Baylands,sonoma-baylands-06032025-final.csv,2025-06-03,s-1-ep-4,ep,S1,elevation profile,,,4.0,1804062.836,6425352.252,2.969,0.90495301,-13.33,38.1150187,-122.4737614,CA zone II (EPSG:2226)
Sonoma Baylands,sonoma-baylands-06032025-final.csv,2025-06-03,s-1-ep-5,ep,S1,elevation profile,,,5.0,1804063.722,6425352.624,3.198,0.97475235,-13.03,38.1150212,-122.4737601,CA zone II (EPSG:2226)
Sonoma Baylands,sonoma-baylands-06032025-final.csv,2025-06-03,s-1-ep-6,ep,S1,elevation profile,,,6.0,1804064.351,6425352.433,3.189,0.972009144,-12.83,38.1150229,-122.4737608,CA zone II (EPSG:2226)
Sonoma Baylands,sonoma-baylands-06032025-final.csv,2025-06-03,s-1-ep-7,ep,S1,elevation profile,,,7.0,1804065.325,6425352.184,3.319,1.011633223,-12.53,38.1150256,-122.4737617,CA zone II (EPSG:2226)
Sonoma Baylands,sonoma-baylands-06032025-final.csv,2025-06-03,s-1-ep-8,ep,S1,elevation profile,,,8.0,1804066.802,6425351.851,3.473,1.058572517,-12.06,38.1150296,-122.4737628,CA zone II (EPSG:2226)
Sonoma Baylands,sonoma-baylands-06032025-final.csv,2025-06-03,s-1-ep-9,ep,S1,elevation profile,,,9.0,1804068.617,6425351.361,3.671,1.118923038,-11.49,38.1150346,-122.4737646,CA zone II (EPSG:2226)
Sonoma Baylands,sonoma-baylands-06032025-final.csv,2025-06-03,s-1-ep-10,ep,S1,elevation profile,,,10.0,1804070.865,6425350.999,3.8,1.158242316,-10.8,38.1150408,-122.4737659,CA zone II (EPSG:2226)
Sonoma Baylands,sonoma-baylands-06032025-final.csv,2025-06-03,s-1-ep-11,ep,S1,elevation profile,,,11.0,1804074.528,6425350.435,3.771,1.149403099,-9.67,38.1150508,-122.4737679,CA zone II (EPSG:2226)
Sonoma Baylands,sonoma-baylands-06032025-final.csv,2025-06-03,s-1-ep-12,ep,S1,elevation profile,,,12.0,1804077.441,6425349.486,3.927,1.196951994,-8.73,38.1150588,-122.4737712,CA zone II (EPSG:2226)
Sonoma Baylands,sonoma-baylands-06032025-final.csv,2025-06-03,s-1-ep-13,ep,S1,elevation profile,,,13.0,1804080.612,6425348.611,4.022,1.225908052,-7.73,38.1150675,-122.4737743,CA zone II (EPSG:2226)
Sonoma Baylands,sonoma-baylands-06032025-final.csv,2025-06-03,s-1-ep-14,ep,S1,elevation profile,,,14.0,1804081.175,6425348.502,4.097,1.248768098,-7.56,38.115069,-122.4737747,CA zone II (EPSG:2226)
Sonoma Baylands,sonoma-baylands-06032025-final.csv,2025-06-03,s-1-ep-15,ep,S1,elevation profile,,,15.0,1804081.969,6425348.253,4.41,1.344170688,-7.3,38.1150712,-122.4737756,CA zone II (EPSG:2226)
Sonoma Baylands,sonoma-baylands-06032025-final.csv,2025-06-03,s-1-ep-16,ep,S1,elevation profile,,,16.0,1804082.966,6425348.069,4.89,1.490474981,-6.99,38.1150739,-122.4737763,CA zone II (EPSG:2226)
Sonoma Baylands,sonoma-baylands-06032025-final.csv,2025-06-03,s-1-ep-17,ep,S1,elevation profile,,,17.0,1804085.875,6425347.374,5.149,1.569418339,-6.08,38.1150819,-122.4737787,CA zone II (EPSG:2226)
Sonoma Baylands,sonoma-baylands-06032025-final.csv,2025-06-03,s-1-ep-18,ep,S1,elevation profile,,,18.0,1804088.732,6425346.745,5.201,1.585267971,-5.19,38.1150898,-122.473781,CA zone II (EPSG:2226)
Sonoma Baylands,sonoma-baylands-06032025-final.csv,2025-06-03,s-1-ep-19,ep,S1,elevation profile,,,19.0,1804091.923,6425346.396,5.444,1.659334519,-4.21,38.1150985,-122.4737822,CA zone II (EPSG:2226)
Sonoma Baylands,sonoma-baylands-06032025-final.csv,2025-06-03,s-1-ep-20,ep,S1,elevation profile,,,20.0,1804095.058,6425346.131,5.511,1.67975616,-3.25,38.1151071,-122.4737832,CA zone II (EPSG:2226)
Sonoma Baylands,sonoma-baylands-06032025-final.csv,2025-06-03,s-1-ep-21,ep,S1,elevation profile,,,21.0,1804098.23,6425345.432,5.617,1.712065024,-2.26,38.1151158,-122.4737857,CA zone II (EPSG:2226)
Sonoma Baylands,sonoma-baylands-06032025-final.csv,2025-06-03,s-1-ep-22,ep,S1,elevation profile,,,22.0,1804100.76,6425345.32,5.808,1.770281941,-1.49,38.1151228,-122.4737861,CA zone II (EPSG:2226)
Sonoma Baylands,sonoma-baylands-06032025-final.csv,2025-06-03,s-1-ep-23,ep,S1,elevation profile,,,23.0,1804103.913,6425344.852,5.87,1.789179578,-0.52,38.1151314,-122.4737878,CA zone II (EPSG:2226)
Sonoma Baylands,sonoma-baylands-06032025-final.csv,2025-06-03,s-1-ep-24pin,ep,S1,elevation profile,,,24.0,1804105.41,6425344.038,5.905,1.7998476,0.0,38.1151355,-122.4737907,CA zone II (EPSG:2226)
Sonoma Baylands,sonoma-baylands-06032025-final.csv,2025-06-03,s-1-ep-25,ep,S1,elevation profile,,,25.0,1804109.165,6425343.731,5.807,1.76997714,1.15,38.1151458,-122.4737918,CA zone II (EPSG:2226)
Sonoma Baylands,sonoma-baylands-06032025-final.csv,2025-06-03,s-1-ep-26,ep,S1,elevation profile,,,26.0,1804109.756,6425344.168,5.549,1.691338583,1.37,38.1151474,-122.4737903,CA zone II (EPSG:2226)
Sonoma Baylands,sonoma-baylands-06032025-final.csv,2025-06-03,s-1-ep-27,ep,S1,elevation profile,,,27.0,1804111.175,6425343.697,5.485,1.671831344,1.83,38.1151513,-122.473792,CA zone II (EPSG:2226)
Sonoma Baylands,sonoma-baylands-06032025-final.csv,2025-06-03,s-1-ep-28,ep,S1,elevation profile,,,28.0,1804111.565,6425344.573,5.894,1.796494793,2.12,38.1151524,-122.4737889,CA zone II (EPSG:2226)
Sonoma Baylands,sonoma-baylands-06032025-final.csv,2025-06-03,s-1-ep-29,ep,S1,elevation profile,,,29.0,1804114.822,6425344.772,6.019,1.834594869,3.11,38.1151614,-122.4737883,CA zone II (EPSG:2226)
Sonoma Baylands,sonoma-baylands-06032025-final.csv,2025-06-03,s-1-ep-30,ep,S1,elevation profile,,,30.0,1804118.545,6425344.573,6.088,1.855626111,4.25,38.1151716,-122.4737891,CA zone II (EPSG:2226)
Sonoma Baylands,sonoma-baylands-06032025-final.csv,2025-06-03,s-1-ep-31,ep,S1,elevation profile,,,31.0,1804121.069,6425344.639,5.992,1.826365253,5.02,38.1151785,-122.4737889,CA zone II (EPSG:2226)
Sonoma Baylands,sonoma-baylands-06032025-final.csv,2025-06-03,s-1-ep-32,ep,S1,elevation profile,,,32.0,1804124.992,6425344.871,6.076,1.851968504,6.22,38.1151893,-122.4737881,CA zone II (EPSG:2226)
Sonoma Baylands,sonoma-baylands-06032025-final.csv,2025-06-03,s-1-ep-33,ep,S1,elevation profile,,,33.0,1804130.657,6425345.136,6.045,1.842519685,7.95,38.1152049,-122.4737873,CA zone II (EPSG:2226)
Sonoma Baylands,sonoma-baylands-06032025-final.csv,2025-06-03,s-1-ep-34,ep,S1,elevation profile,,,34.0,1804136.289,6425346.016,6.25,1.90500381,9.68,38.1152203,-122.4737844,CA zone II (EPSG:2226)
Sonoma Baylands,sonoma-baylands-06032025-final.csv,2025-06-03,s-1-ep-35,ep,S1,elevation profile,,,35.0,1804140.058,6425345.978,6.252,1.905613411,10.83,38.1152307,-122.4737846,CA zone II (EPSG:2226)
Sonoma Baylands,sonoma-baylands-06032025-final.csv,2025-06-03,s-1-ep-36,ep,S1,elevation profile,,,36.0,1804141.569,6425345.862,6.279,1.913843028,11.3,38.1152348,-122.473785,CA zone II (EPSG:2226)
Sonoma Baylands,sonoma-baylands-06032025-final.csv,2025-06-03,s-1-ep-37,ep,S1,elevation profile,,,37.0,1804143.078,6425346.248,6.267,1.91018542,11.77,38.115239,-122.4737837,CA zone II (EPSG:2226)
Sonoma Baylands,sonoma-baylands-06032025-final.csv,2025-06-03,s-1-ep-38,ep,S1,elevation profile,,,38.0,1804143.9,6425346.327,6.323,1.927254255,12.02,38.1152412,-122.4737834,CA zone II (EPSG:2226)
Sonoma Baylands,sonoma-baylands-06032025-final.csv,2025-06-03,s-1-ep-39,ep,S1,elevation profile,,,39.0,1804146.188,6425346.949,6.43,1.95986792,12.74,38.1152475,-122.4737813,CA zone II (EPSG:2226)
Sonoma Baylands,sonoma-baylands-06032025-final.csv,2025-06-03,s-1-ep-40,ep,S1,elevation profile,,,40.0,1804150.045,6425347.171,6.472,1.972669545,13.92,38.1152581,-122.4737806,CA zone II (EPSG:2226)
Sonoma Baylands,sonoma-baylands-06032025-final.csv,2025-06-03,s-1-ep-41,ep,S1,elevation profile,,,41.0,1804154.552,6425346.144,6.531,1.990652781,15.33,38.1152705,-122.4737843,CA zone II (EPSG:2226)
Sonoma Baylands,sonoma-baylands-06032025-final.csv,2025-06-03,s-1-ep-42,ep,S1,elevation profile,,,42.0,1804159.367,6425345.848,6.64,2.023876048,16.8,38.1152837,-122.4737854,CA zone II (EPSG:2226)
Sonoma Baylands,sonoma-baylands-06032025-final.csv,2025-06-03,s-1-ep-43,ep,S1,elevation profile,,,43.0,1804162.958,6425346.178,6.75,2.057404115,17.9,38.1152936,-122.4737843,CA zone II (EPSG:2226)
Sonoma Baylands,sonoma-baylands-06032025-final.csv,2025-06-03,s-1-ep-44,ep,S1,elevation profile,,,44.0,1804168.317,6425346.216,6.811,2.075996952,19.53,38.1153083,-122.4737843,CA zone II (EPSG:2226)
Sonoma Baylands,sonoma-baylands-06032025-final.csv,2025-06-03,s-1-ep-45,ep,S1,elevation profile,,,45.0,1804169.844,6425346.826,6.782,2.067157734,20.04,38.1153125,-122.4737822,CA zone II (EPSG:2226)
Sonoma Baylands,sonoma-baylands-06032025-final.csv,2025-06-03,s-1-ep-46,ep,S1,elevation profile,,,46.0,1804171.372,6425346.244,6.774,2.064719329,20.53,38.1153167,-122.4737842,CA zone II (EPSG:2226)
Sonoma Baylands,sonoma-baylands-06032025-final.csv,2025-06-03,s-1-ep-47,ep,S1,elevation profile,,,47.0,1804173.332,6425346.229,6.833,2.082702565,21.13,38.115322,-122.4737843,CA zone II (EPSG:2226)
Sonoma Baylands,sonoma-baylands-06032025-final.csv,2025-06-03,s-1-ep-48,ep,S1,elevation profile,,,48.0,1804176.175,6425345.448,6.954,2.119583439,22.03,38.1153298,-122.4737871,CA zone II (EPSG:2226)
Sonoma Baylands,sonoma-baylands-06032025-final.csv,2025-06-03,s-1-ep-49,ep,S1,elevation profile,,,49.0,1804179.707,6425344.377,6.768,2.062890526,23.15,38.1153395,-122.4737909,CA zone II (EPSG:2226)
Sonoma Baylands,sonoma-baylands-06032025-final.csv,2025-06-03,s-1-ep-50,ep,S1,elevation profile,,,50.0,1804184.532,6425343.829,6.688,2.038506477,24.63,38.1153528,-122.4737928,CA zone II (EPSG:2226)
Sonoma Baylands,sonoma-baylands-06032025-final.csv,2025-06-03,s-1-ep-51,ep,S1,elevation profile,,,51.0,1804187.906,6425343.813,6.814,2.076911354,25.66,38.115362,-122.473793,CA zone II (EPSG:2226)
Sonoma Baylands,sonoma-baylands-06032025-final.csv,2025-06-03,s-1-ep-52,ep,S1,elevation profile,,,52.0,1804191.52,6425343.836,6.866,2.092760986,26.76,38.115372,-122.473793,CA zone II (EPSG:2226)
Sonoma Baylands,sonoma-baylands-06032025-final.csv,2025-06-03,s-1-ep-53,ep,S1,elevation profile,,,53.0,1804195.848,6425344.186,6.733,2.052222504,28.09,38.1153838,-122.4737918,CA zone II (EPSG:2226)
Sonoma Baylands,sonoma-baylands-06032025-final.csv,2025-06-03,s-1-ep-54,ep,S1,elevation profile,,,54.0,1804201.704,6425344.579,6.828,2.081178562,29.88,38.1153999,-122.4737906,CA zone II (EPSG:2226)
Sonoma Baylands,sonoma-baylands-06032025-final.csv,2025-06-03,s-1-ep-55,ep,S1,elevation profile,,,55.0,1804211.915,6425346.288,6.817,2.077825756,33.03,38.115428,-122.4737848,CA zone II (EPSG:2226)
Sonoma Baylands,sonoma-baylands-06032025-final.csv,2025-06-03,s-1-ep-56,ep,S1,elevation profile,,,56.0,1804218.872,6425347.868,6.719,2.047955296,35.21,38.1154471,-122.4737794,CA zone II (EPSG:2226)
Sonoma Baylands,sonoma-baylands-06032025-final.csv,2025-06-03,s-1-ep-57,ep,S1,elevation profile,,,57.0,1804232.141,6425346.135,6.821,2.079044958,39.29,38.1154835,-122.4737857,CA zone II (EPSG:2226)
Sonoma Baylands,sonoma-baylands-06032025-final.csv,2025-06-03,s-1-ep-58,ep,S1,elevation profile,,,58.0,1804243.151,6425347.604,6.851,2.088188976,42.67,38.1155138,-122.4737808,CA zone II (EPSG:2226)
Sonoma Baylands,sonoma-baylands-06032025-final.csv,2025-06-03,s-1-ep-59,ep,S1,elevation profile,,,59.0,1804254.155,6425350.314,6.866,2.092760986,46.13,38.115544,-122.4737716,CA zone II (EPSG:2226)
Sonoma Baylands,sonoma-baylands-06032025-final.csv,2025-06-03,s-1-ep-60,ep,S1,elevation profile,,,60.0,1804261.367,6425350.922,6.757,2.059537719,48.33,38.1155638,-122.4737696,CA zone II (EPSG:2226)
Sonoma Baylands,sonoma-baylands-06032025-final.csv,2025-06-03,s-1-ep-61,ep,S1,elevation profile,,,61.0,1804275.444,6425351.528,6.797,2.071729743,52.63,38.1156025,-122.4737677,CA zone II (EPSG:2226)
Sonoma Baylands,sonoma-baylands-06032025-final.csv,2025-06-03,s-1-ep-62,ep,S1,elevation profile,,,62.0,1804286.556,6425352.093,6.79,2.069596139,56.02,38.115633,-122.473766,CA zone II (EPSG:2226)
Sonoma Baylands,sonoma-baylands-06032025-final.csv,2025-06-03,s-1-ep-63,ep,S1,elevation profile,,,63.0,1804299.682,6425354.464,6.748,2.056794514,60.08,38.1156691,-122.473758,CA zone II (EPSG:2226)
Sonoma Baylands,sonoma-baylands-06032025-final.csv,2025-06-03,s-1-ep-64,ep,S1,elevation profile,,,64.0,1804316.268,6425357.936,6.708,2.044602489,65.25,38.1157147,-122.4737462,CA zone II (EPSG:2226)
Sonoma Baylands,sonoma-baylands-06032025-final.csv,2025-06-03,s-1-ep-65,ep,S1,elevation profile,,,65.0,1804325.037,6425354.592,6.648,2.026314453,68.11,38.1157387,-122.473758,CA zone II (EPSG:2226)
Sonoma Baylands,sonoma-baylands-06032025-final.csv,2025-06-03,s-1-ep-66,ep,S1,elevation profile,,,66.0,1804336.098,6425353.328,6.651,2.027228854,71.5,38.1157691,-122.4737626,CA zone II (EPSG:2226)
Sonoma Baylands,sonoma-baylands-06032025-final.csv,2025-06-03,s-1-ep-67,ep,S1,elevation profile,,,67.0,1804345.786,6425351.245,6.714,2.046431293,74.52,38.1157956,-122.47377,CA zone II (EPSG:2226)
Sonoma Baylands,sonoma-baylands-06032025-final.csv,2025-06-03,s-1-ep-68,ep,S1,elevation profile,,,68.0,1804358.988,6425352.252,6.622,2.018389637,78.56,38.1158319,-122.4737667,CA zone II (EPSG:2226)
Sonoma Baylands,sonoma-baylands-06032025-final.csv,2025-06-03,s-1-ep-69,ep,S1,elevation profile,,,69.0,1804378.478,6425351.932,6.696,2.040944882,84.5,38.1158854,-122.4737682,CA zone II (EPSG:2226)
Sonoma Baylands,sonoma-baylands-06032025-final.csv,2025-06-03,s-1-ep-70,ep,S1,elevation profile,,,70.0,1804389.786,6425353.706,6.516,1.986080772,87.99,38.1159165,-122.4737622,CA zone II (EPSG:2226)
Sonoma Baylands,sonoma-baylands-06032025-final.csv,2025-06-03,s-1-ep-71,ep,S1,elevation profile,,,71.0,1804403.543,6425354.201,6.531,1.990652781,92.18,38.1159543,-122.4737608,CA zone II (EPSG:2226)
Sonoma Baylands,sonoma-baylands-06032025-final.csv,2025-06-03,s-1-ep-72,ep,S1,elevation profile,,,72.0,1804418.177,6425352.714,6.605,2.013208026,96.67,38.1159944,-122.4737662,CA zone II (EPSG:2226)
Sonoma Baylands,sonoma-baylands-06032025-final.csv,2025-06-03,s-2-ep-1,ep,S2,elevation profile,,,1.0,1804323.446,6425167.815,6.855,2.089408179,-74.2,38.1157317,-122.4744071,CA zone II (EPSG:2226)
Sonoma Baylands,sonoma-baylands-06032025-final.csv,2025-06-03,s-2-ep-2,ep,S2,elevation profile,,,2.0,1804311.278,6425169.706,7.01,2.136652273,-70.45,38.1156983,-122.4744003,CA zone II (EPSG:2226)
Sonoma Baylands,sonoma-baylands-06032025-final.csv,2025-06-03,s-2-ep-3,ep,S2,elevation profile,,,3.0,1804297.716,6425171.761,6.753,2.058318517,-66.26,38.1156611,-122.4743929,CA zone II (EPSG:2226)
Sonoma Baylands,sonoma-baylands-06032025-final.csv,2025-06-03,s-2-ep-4,ep,S2,elevation profile,,,4.0,1804286.917,6425173.964,6.683,2.036982474,-62.91,38.1156315,-122.4743851,CA zone II (EPSG:2226)
Sonoma Baylands,sonoma-baylands-06032025-final.csv,2025-06-03,s-2-ep-5,ep,S2,elevation profile,,,5.0,1804270.311,6425177.963,6.755,2.058928118,-57.7,38.1155859,-122.4743709,CA zone II (EPSG:2226)
Sonoma Baylands,sonoma-baylands-06032025-final.csv,2025-06-03,s-2-ep-6,ep,S2,elevation profile,,,6.0,1804256.866,6425181.788,6.68,2.036068072,-53.44,38.1155491,-122.4743573,CA zone II (EPSG:2226)
Sonoma Baylands,sonoma-baylands-06032025-final.csv,2025-06-03,s-2-ep-7,ep,S2,elevation profile,,,7.0,1804239.914,6425187.776,6.739,2.054051308,-47.96,38.1155026,-122.4743362,CA zone II (EPSG:2226)
Sonoma Baylands,sonoma-baylands-06032025-final.csv,2025-06-03,s-2-ep-8,ep,S2,elevation profile,,,8.0,1804224.737,6425190.368,6.695,2.040640081,-43.27,38.115461,-122.4743269,CA zone II (EPSG:2226)
Sonoma Baylands,sonoma-baylands-06032025-final.csv,2025-06-03,s-2-ep-9,ep,S2,elevation profile,,,9.0,1804209.793,6425194.792,6.645,2.025400051,-38.52,38.11542,-122.4743113,CA zone II (EPSG:2226)
Sonoma Baylands,sonoma-baylands-06032025-final.csv,2025-06-03,s-2-ep-10,ep,S2,elevation profile,,,10.0,1804199.072,6425197.513,6.775,2.06502413,-35.14,38.1153906,-122.4743016,CA zone II (EPSG:2226)
Sonoma Baylands,sonoma-baylands-06032025-final.csv,2025-06-03,s-2-ep-11,ep,S2,elevation profile,,,11.0,1804190.884,6425199.285,6.758,2.05984252,-32.59,38.1153681,-122.4742953,CA zone II (EPSG:2226)
Sonoma Baylands,sonoma-baylands-06032025-final.csv,2025-06-03,s-2-ep-12,ep,S2,elevation profile,,,12.0,1804187.889,6425200.538,6.67,2.033020066,-31.6,38.1153599,-122.4742909,CA zone II (EPSG:2226)
Sonoma Baylands,sonoma-baylands-06032025-final.csv,2025-06-03,s-2-ep-13,ep,S2,elevation profile,,,13.0,1804183.984,6425201.081,6.76,2.060452121,-30.4,38.1153492,-122.474289,CA zone II (EPSG:2226)
Sonoma Baylands,sonoma-baylands-06032025-final.csv,2025-06-03,s-2-ep-14,ep,S2,elevation profile,,,14.0,1804175.881,6425203.346,6.871,2.094284989,-27.83,38.115327,-122.4742809,CA zone II (EPSG:2226)
Sonoma Baylands,sonoma-baylands-06032025-final.csv,2025-06-03,s-2-ep-15,ep,S2,elevation profile,,,15.0,1804168.381,6425203.96,6.736,2.053136906,-25.54,38.1153064,-122.4742787,CA zone II (EPSG:2226)
Sonoma Baylands,sonoma-baylands-06032025-final.csv,2025-06-03,s-2-ep-16,ep,S2,elevation profile,,,16.0,1804163.835,6425203.9,6.672,2.033629667,-24.16,38.1152939,-122.4742788,CA zone II (EPSG:2226)
Sonoma Baylands,sonoma-baylands-06032025-final.csv,2025-06-03,s-2-ep-17,ep,S2,elevation profile,,,17.0,1804160.565,6425204.788,6.633,2.021742443,-23.12,38.115285,-122.4742756,CA zone II (EPSG:2226)
Sonoma Baylands,sonoma-baylands-06032025-final.csv,2025-06-03,s-2-ep-18,ep,S2,elevation profile,,,18.0,1804162.82,6425204.811,6.667,2.032105664,-22.44,38.1152912,-122.4742756,CA zone II (EPSG:2226)
Sonoma Baylands,sonoma-baylands-06032025-final.csv,2025-06-03,s-2-ep-19,ep,S2,elevation profile,,,19.0,1804153.809,6425206.032,6.707,2.044297689,-19.66,38.1152664,-122.4742712,CA zone II (EPSG:2226)
Sonoma Baylands,sonoma-baylands-06032025-final.csv,2025-06-03,s-2-ep-20,ep,S2,elevation profile,,,20.0,1804145.979,6425209.0,6.533,1.991262383,-17.11,38.115245,-122.4742607,CA zone II (EPSG:2226)
Sonoma Baylands,sonoma-baylands-06032025-final.csv,2025-06-03,s-2-ep-21,ep,S2,elevation profile,,,21.0,1804141.024,6425211.229,6.514,1.985471171,-15.46,38.1152314,-122.4742529,CA zone II (EPSG:2226)
Sonoma Baylands,sonoma-baylands-06032025-final.csv,2025-06-03,s-2-ep-22,ep,S2,elevation profile,,,22.0,1804139.686,6425211.647,6.441,1.963220726,-15.03,38.1152277,-122.4742514,CA zone II (EPSG:2226)
Sonoma Baylands,sonoma-baylands-06032025-final.csv,2025-06-03,s-2-ep-23,ep,S2,elevation profile,,,23.0,1804137.812,6425212.515,6.374,1.942799086,-14.4,38.1152226,-122.4742484,CA zone II (EPSG:2226)
Sonoma Baylands,sonoma-baylands-06032025-final.csv,2025-06-03,s-2-ep-24,ep,S2,elevation profile,,,24.0,1804130.363,6425213.629,6.26,1.908051816,-12.1,38.1152022,-122.4742444,CA zone II (EPSG:2226)
Sonoma Baylands,sonoma-baylands-06032025-final.csv,2025-06-03,s-2-ep-25,ep,S2,elevation profile,,,25.0,1804121.34,6425215.454,6.215,1.894335789,-9.3,38.1151774,-122.4742379,CA zone II (EPSG:2226)
Sonoma Baylands,sonoma-baylands-06032025-final.csv,2025-06-03,s-2-ep-26,ep,S2,elevation profile,,,26.0,1804110.513,6425217.62,6.058,1.846482093,-5.93,38.1151477,-122.4742301,CA zone II (EPSG:2226)
Sonoma Baylands,sonoma-baylands-06032025-final.csv,2025-06-03,s-2-ep-27,ep,S2,elevation profile,,,27.0,1804103.29,6425220.103,5.93,1.807467615,-3.6,38.1151279,-122.4742214,CA zone II (EPSG:2226)
Sonoma Baylands,sonoma-baylands-06032025-final.csv,2025-06-03,s-2-ep-28,ep,S2,elevation profile,,,28.0,1804102.775,6425220.888,5.847,1.782169164,-3.32,38.1151265,-122.4742186,CA zone II (EPSG:2226)
Sonoma Baylands,sonoma-baylands-06032025-final.csv,2025-06-03,s-2-ep-29,ep,S2,elevation profile,,,29.0,1804102.206,6425221.105,5.405,1.647447295,-3.13,38.115125,-122.4742179,CA zone II (EPSG:2226)
Sonoma Baylands,sonoma-baylands-06032025-final.csv,2025-06-03,s-2-ep-30,ep,S2,elevation profile,,,30.0,1804101.081,6425221.572,5.374,1.637998476,-2.76,38.1151219,-122.4742162,CA zone II (EPSG:2226)
Sonoma Baylands,sonoma-baylands-06032025-final.csv,2025-06-03,s-2-ep-31,ep,S2,elevation profile,,,31.0,1804099.853,6425222.272,5.884,1.793446787,-2.33,38.1151185,-122.4742138,CA zone II (EPSG:2226)
Sonoma Baylands,sonoma-baylands-06032025-final.csv,2025-06-03,s-2-ep-32,ep,S2,elevation profile,,,32.0,1804097.319,6425224.45,5.854,1.784302769,-1.31,38.1151116,-122.4742062,CA zone II (EPSG:2226)
Sonoma Baylands,sonoma-baylands-06032025-final.csv,2025-06-03,s-2-ep-33pin,ep,S2,elevation profile,,,33.0,1804094.003,6425227.189,5.751,1.752908306,0.0,38.1151025,-122.4741966,CA zone II (EPSG:2226)
Sonoma Baylands,sonoma-baylands-06032025-final.csv,2025-06-03,s-2-ep-34,ep,S2,elevation profile,,,34.0,1804088.006,6425227.208,5.691,1.734620269,1.83,38.1150861,-122.4741964,CA zone II (EPSG:2226)
Sonoma Baylands,sonoma-baylands-06032025-final.csv,2025-06-03,s-2-ep-35,ep,S2,elevation profile,,,35.0,1804085.907,6425227.612,5.56,1.694691389,2.48,38.1150803,-122.474195,CA zone II (EPSG:2226)
Sonoma Baylands,sonoma-baylands-06032025-final.csv,2025-06-03,s-2-ep-36,ep,S2,elevation profile,,,36.0,1804085.111,6425227.187,5.223,1.591973584,2.75,38.1150781,-122.4741964,CA zone II (EPSG:2226)
Sonoma Baylands,sonoma-baylands-06032025-final.csv,2025-06-03,s-2-ep-37,ep,S2,elevation profile,,,37.0,1804083.834,6425226.924,5.501,1.676708153,3.15,38.1150746,-122.4741973,CA zone II (EPSG:2226)
Sonoma Baylands,sonoma-baylands-06032025-final.csv,2025-06-03,s-2-ep-38,ep,S2,elevation profile,,,38.0,1804077.877,6425227.997,5.221,1.591363983,5.0,38.1150583,-122.4741935,CA zone II (EPSG:2226)
Sonoma Baylands,sonoma-baylands-06032025-final.csv,2025-06-03,s-2-ep-39,ep,S2,elevation profile,,,39.0,1804072.204,6425229.549,4.989,1.520650241,6.79,38.1150427,-122.474188,CA zone II (EPSG:2226)
Sonoma Baylands,sonoma-baylands-06032025-final.csv,2025-06-03,s-2-ep-40,ep,S2,elevation profile,,,40.0,1804065.332,6425231.101,4.656,1.419151638,8.94,38.1150239,-122.4741825,CA zone II (EPSG:2226)
Sonoma Baylands,sonoma-baylands-06032025-final.csv,2025-06-03,s-2-ep-41,ep,S2,elevation profile,,,41.0,1804062.655,6425231.744,4.469,1.362153924,9.78,38.1150165,-122.4741802,CA zone II (EPSG:2226)
Sonoma Baylands,sonoma-baylands-06032025-final.csv,2025-06-03,s-2-ep-42,ep,S2,elevation profile,,,42.0,1804059.331,6425231.917,4.213,1.284124968,10.79,38.1150074,-122.4741795,CA zone II (EPSG:2226)
Sonoma Baylands,sonoma-baylands-06032025-final.csv,2025-06-03,s-2-ep-43,ep,S2,elevation profile,,,43.0,1804053.755,6425233.058,3.905,1.19024638,12.53,38.1149921,-122.4741755,CA zone II (EPSG:2226)
Sonoma Baylands,sonoma-baylands-06032025-final.csv,2025-06-03,s-2-ep-44,ep,S2,elevation profile,,,44.0,1804048.946,6425233.552,3.612,1.100939802,14.0,38.1149789,-122.4741737,CA zone II (EPSG:2226)
Sonoma Baylands,sonoma-baylands-06032025-final.csv,2025-06-03,s-2-ep-45,ep,S2,elevation profile,,,45.0,1804048.228,6425233.755,3.465,1.056134112,14.23,38.1149769,-122.4741729,CA zone II (EPSG:2226)
Sonoma Baylands,sonoma-baylands-06032025-final.csv,2025-06-03,s-2-ep-46,ep,S2,elevation profile,,,46.0,1804044.353,6425234.789,3.269,0.996393193,15.45,38.1149663,-122.4741693,CA zone II (EPSG:2226)
Sonoma Baylands,sonoma-baylands-06032025-final.csv,2025-06-03,s-2-ep-47,ep,S2,elevation profile,,,47.0,1804042.296,6425235.162,2.906,0.885750571,16.09,38.1149607,-122.4741679,CA zone II (EPSG:2226)
Sonoma Baylands,sonoma-baylands-06032025-final.csv,2025-06-03,s-2-ep-48,ep,S2,elevation profile,,,48.0,1804041.196,6425235.338,2.775,0.845821692,16.43,38.1149576,-122.4741673,CA zone II (EPSG:2226)
Sonoma Baylands,sonoma-baylands-06032025-final.csv,2025-06-03,s-2-ep-49,ep,S2,elevation profile,,,49.0,1804039.489,6425235.94,2.83,0.862585725,16.98,38.114953,-122.4741652,CA zone II (EPSG:2226)
Sonoma Baylands,sonoma-baylands-06032025-final.csv,2025-06-03,s-2-ep-50,ep,S2,elevation profile,,,50.0,1804037.646,6425235.893,2.632,0.802235204,17.54,38.1149479,-122.4741653,CA zone II (EPSG:2226)
Sonoma Baylands,sonoma-baylands-06032025-final.csv,2025-06-03,s-2-ep-51,ep,S2,elevation profile,,,51.0,1804037.196,6425236.318,2.465,0.751333503,17.73,38.1149467,-122.4741638,CA zone II (EPSG:2226)
Sonoma Baylands,sonoma-baylands-06032025-final.csv,2025-06-03,s-2-ep-52,ep,S2,elevation profile,,,52.0,1804035.542,6425236.571,2.363,0.72024384,18.24,38.1149421,-122.4741629,CA zone II (EPSG:2226)
Sonoma Baylands,sonoma-baylands-06032025-final.csv,2025-06-03,s-2-ep-53,ep,S2,elevation profile,,,53.0,1804033.564,6425237.132,2.376,0.724206248,18.86,38.1149367,-122.4741609,CA zone II (EPSG:2226)
Sonoma Baylands,sonoma-baylands-06032025-final.csv,2025-06-03,s-3-ep-1,ep,S3,elevation profile,,,1.0,1803997.663,6425111.293,2.389,0.728168656,-22.99,38.1148363,-122.4745976,CA zone II (EPSG:2226)
Sonoma Baylands,sonoma-baylands-06032025-final.csv,2025-06-03,s-3-ep-2,ep,S3,elevation profile,,,2.0,1804000.422,6425111.128,2.351,0.716586233,-22.14,38.1148439,-122.4745982,CA zone II (EPSG:2226)
Sonoma Baylands,sonoma-baylands-06032025-final.csv,2025-06-03,s-3-ep-3,ep,S3,elevation profile,,,3.0,1804002.409,6425111.208,2.423,0.738531877,-21.54,38.1148494,-122.474598,CA zone II (EPSG:2226)
Sonoma Baylands,sonoma-baylands-06032025-final.csv,2025-06-03,s-3-ep-4,ep,S3,elevation profile,,,4.0,1804004.604,6425110.401,2.573,0.784251969,-20.83,38.1148554,-122.4746009,CA zone II (EPSG:2226)
Sonoma Baylands,sonoma-baylands-06032025-final.csv,2025-06-03,s-3-ep-5,ep,S3,elevation profile,,,5.0,1804008.222,6425109.616,2.622,0.799187198,-19.7,38.1148653,-122.4746036,CA zone II (EPSG:2226)
Sonoma Baylands,sonoma-baylands-06032025-final.csv,2025-06-03,s-3-ep-6,ep,S3,elevation profile,,,6.0,1804011.343,6425109.39,2.899,0.883616967,-18.74,38.1148739,-122.4746045,CA zone II (EPSG:2226)
Sonoma Baylands,sonoma-baylands-06032025-final.csv,2025-06-03,s-3-ep-7,ep,S3,elevation profile,,,7.0,1804013.743,6425108.784,2.977,0.907391415,-17.99,38.1148804,-122.4746066,CA zone II (EPSG:2226)
Sonoma Baylands,sonoma-baylands-06032025-final.csv,2025-06-03,s-3-ep-8,ep,S3,elevation profile,,,8.0,1804019.291,6425107.866,3.363,1.02504445,-16.28,38.1148957,-122.4746099,CA zone II (EPSG:2226)
Sonoma Baylands,sonoma-baylands-06032025-final.csv,2025-06-03,s-3-ep-9,ep,S3,elevation profile,,,9.0,1804022.98,6425106.707,3.509,1.069545339,-15.1,38.1149058,-122.474614,CA zone II (EPSG:2226)
Sonoma Baylands,sonoma-baylands-06032025-final.csv,2025-06-03,s-3-ep-10,ep,S3,elevation profile,,,10.0,1804027.33,6425105.935,3.72,1.133858268,-13.75,38.1149177,-122.4746168,CA zone II (EPSG:2226)
Sonoma Baylands,sonoma-baylands-06032025-final.csv,2025-06-03,s-3-ep-11,ep,S3,elevation profile,,,11.0,1804031.382,6425104.957,3.878,1.182016764,-12.48,38.1149288,-122.4746203,CA zone II (EPSG:2226)
Sonoma Baylands,sonoma-baylands-06032025-final.csv,2025-06-03,s-3-ep-12,ep,S3,elevation profile,,,12.0,1804037.475,6425105.128,4.67,1.423418847,-10.62,38.1149456,-122.4746198,CA zone II (EPSG:2226)
Sonoma Baylands,sonoma-baylands-06032025-final.csv,2025-06-03,s-3-ep-13,ep,S3,elevation profile,,,13.0,1804043.029,6425105.299,4.832,1.472796546,-8.93,38.1149608,-122.4746193,CA zone II (EPSG:2226)
Sonoma Baylands,sonoma-baylands-06032025-final.csv,2025-06-03,s-3-ep-14,ep,S3,elevation profile,,,14.0,1804047.246,6425104.541,4.89,1.490474981,-7.62,38.1149724,-122.474622,CA zone II (EPSG:2226)
Sonoma Baylands,sonoma-baylands-06032025-final.csv,2025-06-03,s-3-ep-15,ep,S3,elevation profile,,,15.0,1804053.963,6425104.197,5.338,1.627025654,-5.57,38.1149908,-122.4746233,CA zone II (EPSG:2226)
Sonoma Baylands,sonoma-baylands-06032025-final.csv,2025-06-03,s-3-ep-16,ep,S3,elevation profile,,,16.0,1804060.042,6425103.915,5.407,1.648056896,-3.72,38.1150075,-122.4746244,CA zone II (EPSG:2226)
Sonoma Baylands,sonoma-baylands-06032025-final.csv,2025-06-03,s-3-ep-17,ep,S3,elevation profile,,,17.0,1804065.306,6425103.167,5.523,1.683413767,-2.1,38.1150219,-122.4746271,CA zone II (EPSG:2226)
Sonoma Baylands,sonoma-baylands-06032025-final.csv,2025-06-03,s-3-ep-18pin,ep,S3,elevation profile,,,18.0,1804070.402,6425098.547,5.697,1.736449073,0.0,38.1150359,-122.4746432,CA zone II (EPSG:2226)
Sonoma Baylands,sonoma-baylands-06032025-final.csv,2025-06-03,s-3-ep-19,ep,S3,elevation profile,,,19.0,1804074.347,6425099.207,5.754,1.753822708,1.22,38.1150467,-122.474641,CA zone II (EPSG:2226)
Sonoma Baylands,sonoma-baylands-06032025-final.csv,2025-06-03,s-3-ep-20,ep,S3,elevation profile,,,20.0,1804080.223,6425097.568,5.917,1.803505207,3.08,38.1150628,-122.4746468,CA zone II (EPSG:2226)
Sonoma Baylands,sonoma-baylands-06032025-final.csv,2025-06-03,s-3-ep-21,ep,S3,elevation profile,,,21.0,1804087.323,6425096.487,6.07,1.8501397,5.27,38.1150823,-122.4746507,CA zone II (EPSG:2226)
Sonoma Baylands,sonoma-baylands-06032025-final.csv,2025-06-03,s-3-ep-22,ep,S3,elevation profile,,,22.0,1804093.54,6425096.512,6.072,1.850749301,7.16,38.1150994,-122.4746507,CA zone II (EPSG:2226)
Sonoma Baylands,sonoma-baylands-06032025-final.csv,2025-06-03,s-3-ep-23,ep,S3,elevation profile,,,23.0,1804103.09,6425097.15,6.322,1.926949454,10.08,38.1151256,-122.4746487,CA zone II (EPSG:2226)
Sonoma Baylands,sonoma-baylands-06032025-final.csv,2025-06-03,s-3-ep-24,ep,S3,elevation profile,,,24.0,1804111.933,6425096.016,6.421,1.957124714,12.8,38.1151499,-122.4746528,CA zone II (EPSG:2226)
Sonoma Baylands,sonoma-baylands-06032025-final.csv,2025-06-03,s-3-ep-25,ep,S3,elevation profile,,,25.0,1804119.52,6425096.437,6.322,1.926949454,15.11,38.1151707,-122.4746515,CA zone II (EPSG:2226)
Sonoma Baylands,sonoma-baylands-06032025-final.csv,2025-06-03,s-3-ep-26,ep,S3,elevation profile,,,26.0,1804127.411,6425096.834,6.454,1.967183134,17.52,38.1151924,-122.4746502,CA zone II (EPSG:2226)
Sonoma Baylands,sonoma-baylands-06032025-final.csv,2025-06-03,s-3-ep-27,ep,S3,elevation profile,,,27.0,1804142.822,6425097.157,6.471,1.972364745,22.22,38.1152347,-122.4746494,CA zone II (EPSG:2226)
Sonoma Baylands,sonoma-baylands-06032025-final.csv,2025-06-03,s-3-ep-28,ep,S3,elevation profile,,,28.0,1804150.335,6425096.965,6.689,2.038811278,24.51,38.1152553,-122.4746502,CA zone II (EPSG:2226)
Sonoma Baylands,sonoma-baylands-06032025-final.csv,2025-06-03,s-3-ep-29,ep,S3,elevation profile,,,29.0,1804154.704,6425096.691,6.708,2.044602489,25.84,38.1152673,-122.4746512,CA zone II (EPSG:2226)
Sonoma Baylands,sonoma-baylands-06032025-final.csv,2025-06-03,s-3-ep-30,ep,S3,elevation profile,,,30.0,1804158.972,6425094.056,6.978,2.126898654,27.37,38.115279,-122.4746605,CA zone II (EPSG:2226)
Sonoma Baylands,sonoma-baylands-06032025-final.csv,2025-06-03,s-3-ep-31,ep,S3,elevation profile,,,31.0,1804161.165,6425092.14,6.769,2.063195326,28.26,38.115285,-122.4746672,CA zone II (EPSG:2226)
Sonoma Baylands,sonoma-baylands-06032025-final.csv,2025-06-03,s-3-ep-32,ep,S3,elevation profile,,,32.0,1804164.977,6425092.015,6.936,2.114097028,29.42,38.1152955,-122.4746677,CA zone II (EPSG:2226)
Sonoma Baylands,sonoma-baylands-06032025-final.csv,2025-06-03,s-3-ep-33,ep,S3,elevation profile,,,33.0,1804168.96,6425090.53,6.9,2.103124206,30.72,38.1153064,-122.4746729,CA zone II (EPSG:2226)
Sonoma Baylands,sonoma-baylands-06032025-final.csv,2025-06-03,s-3-ep-34,ep,S3,elevation profile,,,34.0,1804170.329,6425089.985,6.851,2.088188976,31.17,38.1153101,-122.4746748,CA zone II (EPSG:2226)
Sonoma Baylands,sonoma-baylands-06032025-final.csv,2025-06-03,s-3-ep-35,ep,S3,elevation profile,,,35.0,1804171.88,6425089.821,6.79,2.069596139,31.64,38.1153144,-122.4746754,CA zone II (EPSG:2226)
Sonoma Baylands,sonoma-baylands-06032025-final.csv,2025-06-03,s-3-ep-36,ep,S3,elevation profile,,,36.0,1804177.25,6425089.474,6.819,2.078435357,33.28,38.1153291,-122.4746767,CA zone II (EPSG:2226)
Sonoma Baylands,sonoma-baylands-06032025-final.csv,2025-06-03,s-3-ep-37,ep,S3,elevation profile,,,37.0,1804183.154,6425088.875,6.665,2.031496063,35.09,38.1153453,-122.4746789,CA zone II (EPSG:2226)
Sonoma Baylands,sonoma-baylands-06032025-final.csv,2025-06-03,s-3-ep-38,ep,S3,elevation profile,,,38.0,1804189.416,6425087.825,6.738,2.053746507,37.03,38.1153625,-122.4746827,CA zone II (EPSG:2226)
Sonoma Baylands,sonoma-baylands-06032025-final.csv,2025-06-03,s-3-ep-39,ep,S3,elevation profile,,,39.0,1804195.336,6425087.338,6.801,2.072948946,38.84,38.1153788,-122.4746845,CA zone II (EPSG:2226)
Sonoma Baylands,sonoma-baylands-06032025-final.csv,2025-06-03,s-3-ep-40,ep,S3,elevation profile,,,40.0,1804201.675,6425087.522,6.847,2.086969774,40.77,38.1153962,-122.4746839,CA zone II (EPSG:2226)
Sonoma Baylands,sonoma-baylands-06032025-final.csv,2025-06-03,s-3-ep-41,ep,S3,elevation profile,,,41.0,1804204.739,6425085.597,6.728,2.050698501,41.87,38.1154045,-122.4746907,CA zone II (EPSG:2226)
Sonoma Baylands,sonoma-baylands-06032025-final.csv,2025-06-03,s-3-ep-42,ep,S3,elevation profile,,,42.0,1804211.239,6425085.451,6.717,2.047345695,43.86,38.1154224,-122.4746913,CA zone II (EPSG:2226)
Sonoma Baylands,sonoma-baylands-06032025-final.csv,2025-06-03,s-3-ep-43,ep,S3,elevation profile,,,43.0,1804215.225,6425085.953,6.673,2.033934468,45.08,38.1154333,-122.4746896,CA zone II (EPSG:2226)
Sonoma Baylands,sonoma-baylands-06032025-final.csv,2025-06-03,s-3-ep-44,ep,S3,elevation profile,,,44.0,1804222.703,6425087.08,6.735,2.052832106,47.39,38.1154539,-122.4746859,CA zone II (EPSG:2226)
Sonoma Baylands,sonoma-baylands-06032025-final.csv,2025-06-03,s-3-ep-45,ep,S3,elevation profile,,,45.0,1804227.291,6425087.701,6.635,2.022352045,48.8,38.1154665,-122.4746838,CA zone II (EPSG:2226)
Sonoma Baylands,sonoma-baylands-06032025-final.csv,2025-06-03,s-3-ep-46,ep,S3,elevation profile,,,46.0,1804235.078,6425087.641,6.613,2.015646431,51.17,38.1154879,-122.4746841,CA zone II (EPSG:2226)
Sonoma Baylands,sonoma-baylands-06032025-final.csv,2025-06-03,s-3-ep-47,ep,S3,elevation profile,,,47.0,1804243.517,6425088.104,6.597,2.010769622,53.75,38.1155111,-122.4746827,CA zone II (EPSG:2226)
Sonoma Baylands,sonoma-baylands-06032025-final.csv,2025-06-03,s-3-ep-48,ep,S3,elevation profile,,,48.0,1804254.081,6425087.113,6.588,2.008026416,56.98,38.1155401,-122.4746863,CA zone II (EPSG:2226)
Sonoma Baylands,sonoma-baylands-06032025-final.csv,2025-06-03,s-3-ep-49,ep,S3,elevation profile,,,49.0,1804262.644,6425088.841,6.773,2.064414529,59.64,38.1155636,-122.4746805,CA zone II (EPSG:2226)
Sonoma Baylands,sonoma-baylands-06032025-final.csv,2025-06-03,s-3-ep-50,ep,S3,elevation profile,,,50.0,1804269.36,6425089.156,6.751,2.057708915,61.69,38.115582,-122.4746795,CA zone II (EPSG:2226)
Sonoma Baylands,sonoma-baylands-06032025-final.csv,2025-06-03,s-3-ep-51,ep,S3,elevation profile,,,51.0,1804278.915,6425089.941,6.706,2.043992888,64.61,38.1156083,-122.4746769,CA zone II (EPSG:2226)
Sonoma Baylands,sonoma-baylands-06032025-final.csv,2025-06-03,s-3-ep-52,ep,S3,elevation profile,,,52.0,1804286.022,6425090.329,6.748,2.056794514,66.78,38.1156278,-122.4746757,CA zone II (EPSG:2226)
Sonoma Baylands,sonoma-baylands-06032025-final.csv,2025-06-03,s-3-ep-53,ep,S3,elevation profile,,,53.0,1804293.258,6425089.907,6.666,2.031800864,68.99,38.1156477,-122.4746773,CA zone II (EPSG:2226)
Sonoma Baylands,sonoma-baylands-06032025-final.csv,2025-06-03,s-3-ep-54,ep,S3,elevation profile,,,54.0,1804299.911,6425089.497,6.645,2.025400051,71.03,38.1156659,-122.4746789,CA zone II (EPSG:2226)
Sonoma Baylands,sonoma-baylands-06032025-final.csv,2025-06-03,s-3-ep-55,ep,S3,elevation profile,,,55.0,1804306.623,6425087.592,6.76,2.060452121,73.15,38.1156843,-122.4746856,CA zone II (EPSG:2226)
Sonoma Baylands,sonoma-baylands-06032025-final.csv,2025-06-03,s-3-ep-56,ep,S3,elevation profile,,,56.0,1804314.147,6425085.487,6.735,2.052832106,75.53,38.115705,-122.4746931,CA zone II (EPSG:2226)
Sonoma Baylands,sonoma-baylands-06032025-final.csv,2025-06-03,s-3-ep-57,ep,S3,elevation profile,,,57.0,1804319.399,6425085.821,6.653,2.027838456,77.14,38.1157194,-122.474692,CA zone II (EPSG:2226)
Sonoma Baylands,sonoma-baylands-06032025-final.csv,2025-06-03,s-3-ep-58,ep,S3,elevation profile,,,58.0,1804325.881,6425084.806,6.689,2.038811278,79.14,38.1157372,-122.4746956,CA zone II (EPSG:2226)
Sonoma Baylands,sonoma-baylands-06032025-final.csv,2025-06-03,s-3-ep-59,ep,S3,elevation profile,,,59.0,1804330.567,6425083.542,6.823,2.079654559,80.62,38.11575,-122.4747001,CA zone II (EPSG:2226)
Sonoma Baylands,sonoma-baylands-06032025-final.csv,2025-06-03,s-3-ep-60,ep,S3,elevation profile,,,60.0,1804341.641,6425081.14,6.849,2.087579375,84.07,38.1157804,-122.4747087,CA zone II (EPSG:2226)
Sonoma Baylands,sonoma-baylands-06032025-final.csv,2025-06-03,s-3-ep-61,ep,S3,elevation profile,,,61.0,1804353.706,6425079.203,6.665,2.031496063,87.79,38.1158135,-122.4747156,CA zone II (EPSG:2226)
Sonoma Baylands,sonoma-baylands-06032025-final.csv,2025-06-03,s-3-ep-62,ep,S3,elevation profile,,,62.0,1804364.159,6425078.547,6.626,2.019608839,90.99,38.1158422,-122.4747181,CA zone II (EPSG:2226)
Sonoma Baylands,sonoma-baylands-06032025-final.csv,2025-06-03,s-3-ep-63,ep,S3,elevation profile,,,63.0,1804375.414,6425078.829,6.75,2.057404115,94.42,38.1158731,-122.4747173,CA zone II (EPSG:2226)
Sonoma Baylands,sonoma-baylands-06032025-final.csv,2025-06-03,s-3-ep-64,ep,S3,elevation profile,,,64.0,1804386.362,6425079.399,6.739,2.054051308,97.76,38.1159032,-122.4747155,CA zone II (EPSG:2226)
Sonoma Baylands,sonoma-baylands-06032025-final.csv,2025-06-03,s-3-ep-65,ep,S3,elevation profile,,,65.0,1804395.812,6425078.667,6.642,2.024485649,100.65,38.1159291,-122.4747182,CA zone II (EPSG:2226)
Sonoma Baylands,sonoma-baylands-06032025-final.csv,2025-06-03,s-3-ep-66,ep,S3,elevation profile,,,66.0,1804407.818,6425079.665,6.693,2.04003048,104.32,38.1159621,-122.474715,CA zone II (EPSG:2226)
Sonoma Baylands,sonoma-baylands-06032025-final.csv,2025-06-03,s-3-ep-67,ep,S3,elevation profile,,,67.0,1804418.224,6425078.755,6.737,2.053441707,107.51,38.1159906,-122.4747183,CA zone II (EPSG:2226)
Sonoma Baylands,sonoma-baylands-06032025-final.csv,2025-06-03,s-3-ep-68,ep,S3,elevation profile,,,68.0,1804429.824,6425079.57,6.624,2.018999238,111.05,38.1160225,-122.4747157,CA zone II (EPSG:2226)
Sonoma Baylands,sonoma-baylands-06032025-final.csv,2025-06-03,s-3-ep-69,ep,S3,elevation profile,,,69.0,1804437.642,6425081.965,6.729,2.051003302,113.54,38.116044,-122.4747075,CA zone II (EPSG:2226)
Sonoma Baylands,sonoma-baylands-06032025-final.csv,2025-06-03,s-3-ep-70,ep,S3,elevation profile,,,70.0,1804451.04,6425083.934,6.593,2.009550419,117.67,38.1160808,-122.4747009,CA zone II (EPSG:2226)
Sonoma Baylands,sonoma-baylands-06032025-final.csv,2025-06-03,s-3-ep-71,ep,S3,elevation profile,,,71.0,1804464.153,6425085.968,6.75,2.057404115,121.71,38.1161168,-122.4746941,CA zone II (EPSG:2226)
Sonoma Baylands,sonoma-baylands-06032025-final.csv,2025-06-03,s-3-ep-72,ep,S3,elevation profile,,,72.0,1804479.755,6425084.981,6.756,2.059232918,126.48,38.1161597,-122.4746978,CA zone II (EPSG:2226)
Sonoma Baylands,sonoma-baylands-06032025-final.csv,2025-06-03,s-3-ep-73,ep,S3,elevation profile,,,73.0,1804491.63,6425088.031,6.946,2.117145034,130.22,38.1161923,-122.4746874,CA zone II (EPSG:2226)
