Site,PlotID,Date,Month,Season,Year,Species,Cover,AvgHt,MaxHt
B,T1-0.5,2/21/2026,FEBRUARY,WINTER,2026,SAPA,50,48,53.5
B,T1-0.5,2/21/2026,FEBRUARY,WINTER,2026,SPFO,20,68,83
B,T1-2,2/21/2026,FEBRUARY,WINTER,2026,SAPA,55,34,39
B,T1-2,2/21/2026,FEBRUARY,WINTER,2026,DISP,15,NA,NA
B,T1-6,2/21/2026,FEBRUARY,WINTER,2026,SAPA,80,31,33
B,T1-6,2/21/2026,FEBRUARY,WINTER,2026,DISP,5,NA,NA
B,T1-12,2/21/2026,FEBRUARY,WINTER,2026,SAPA,90,34,41.5
B,T1-18,2/21/2026,FEBRUARY,WINTER,2026,TRIG,50,15,18.5
B,T1-18,2/21/2026,FEBRUARY,WINTER,2026,SAPA,20,25,36
B,T1-18,2/21/2026,FEBRUARY,WINTER,2026,DISP,15,NA,NA
B,T1-18,2/21/2026,FEBRUARY,WINTER,2026,LICA,5,NA,NA
B,T1-18,2/21/2026,FEBRUARY,WINTER,2026,JACA,10,NA,NA
B,T1-24,2/21/2026,FEBRUARY,WINTER,2026,TRIG,55,13,18.5
B,T1-24,2/21/2026,FEBRUARY,WINTER,2026,SAPA,30,29,36
B,T1-24,2/21/2026,FEBRUARY,WINTER,2026,JACA,35,12,15
B,T1-24,2/21/2026,FEBRUARY,WINTER,2026,DISP,15,NA,NA
B,T1-24,2/21/2026,FEBRUARY,WINTER,2026,LICA,20,NA,NA
B,T1-48,2/21/2026,FEBRUARY,WINTER,2026,SAPA,70,36,38
B,T1-48,2/21/2026,FEBRUARY,WINTER,2026,JACA,20,NA,NA
B,T1-48,2/21/2026,FEBRUARY,WINTER,2026,DISP,5,NA,NA
B,T2-0.5,2/21/2026,FEBRUARY,WINTER,2026,JACA,60,26,32
B,T2-0.5,2/21/2026,FEBRUARY,WINTER,2026,SPFO,10,66,75
B,T2-0.5,2/21/2026,FEBRUARY,WINTER,2026,SAPA,40,40,59
B,T2-0.5,2/21/2026,FEBRUARY,WINTER,2026,DISP,10,NA,NA
B,T2-2,2/21/2026,FEBRUARY,WINTER,2026,SAPA,80,35,40
B,T2-2,2/21/2026,FEBRUARY,WINTER,2026,DISP,20,NA,NA
B,T2-2,2/21/2026,FEBRUARY,WINTER,2026,JACA,15,NA,NA
B,T2-6,2/21/2026,FEBRUARY,WINTER,2026,SAPA,80,37,42
B,T2-6,2/21/2026,FEBRUARY,WINTER,2026,DISP,10,NA,NA
B,T2-6,2/21/2026,FEBRUARY,WINTER,2026,JACA,5,NA,NA
B,T2-12,2/21/2026,FEBRUARY,WINTER,2026,SAPA,75,32,35
B,T2-12,2/21/2026,FEBRUARY,WINTER,2026,JACA,10,NA,NA
B,T2-12,2/21/2026,FEBRUARY,WINTER,2026,DISP,25,NA,NA
B,T2-18,2/21/2026,FEBRUARY,WINTER,2026,TRIG,40,16,24
B,T2-18,2/21/2026,FEBRUARY,WINTER,2026,SAPA,20,25,29
B,T2-18,2/21/2026,FEBRUARY,WINTER,2026,DISP,10,NA,NA
B,T2-18,2/21/2026,FEBRUARY,WINTER,2026,JACA,30,NA,NA
B,T2-24,2/21/2026,FEBRUARY,WINTER,2026,SAPA,65,42,55
B,T2-24,2/21/2026,FEBRUARY,WINTER,2026,JACA,25,NA,NA
B,T2-24,2/21/2026,FEBRUARY,WINTER,2026,DISP,20,NA,NA
B,T2-48,2/21/2026,FEBRUARY,WINTER,2026,SAPA,70,38,42
B,T2-48,2/21/2026,FEBRUARY,WINTER,2026,DISP,20,NA,NA
B,T2-48,2/21/2026,FEBRUARY,WINTER,2026,JACA,25,NA,NA
G,T1-0.5,2/20/2026,FEBRUARY,WINTER,2026,DISP,60,15,20.5
G,T1-0.5,2/20/2026,FEBRUARY,WINTER,2026,SAPA,40,26,29
G,T1-0.5,2/20/2026,FEBRUARY,WINTER,2026,DISP,60,15,20.5
G,T1-2,2/20/2026,FEBRUARY,WINTER,2026,SAPA,50,29,31
G,T1-2,2/20/2026,FEBRUARY,WINTER,2026,DISP,15,NA,NA
G,T1-6,2/20/2026,FEBRUARY,WINTER,2026,SAPA,80,39,42.5
G,T1-12,2/20/2026,FEBRUARY,WINTER,2026,SAPA,60,51,71
G,T1-18,2/20/2026,FEBRUARY,WINTER,2026,SAPA,80,38,44
G,T1-24,2/20/2026,FEBRUARY,WINTER,2026,SAPA,85,36,38
G,T1-24,2/20/2026,FEBRUARY,WINTER,2026,JACA,40,NA,NA
G,T1-48,2/20/2026,FEBRUARY,WINTER,2026,SAPA,45,36,45
G,T1-48,2/20/2026,FEBRUARY,WINTER,2026,LICA,40,NA,NA
G,T1-48,2/20/2026,FEBRUARY,WINTER,2026,GRST,10,NA,NA
G,T1-48,2/20/2026,FEBRUARY,WINTER,2026,JACA,40,NA,NA
G,T2-0.5,2/20/2026,FEBRUARY,WINTER,2026,SAPA,10,28,28
G,T2-2,2/20/2026,FEBRUARY,WINTER,2026,SAPA,50,23.5,29
G,T2-6,2/20/2026,FEBRUARY,WINTER,2026,SAPA,90,33,37.5
G,T2-12,2/20/2026,FEBRUARY,WINTER,2026,SAPA,90,39,45.5
G,T2-18,2/20/2026,FEBRUARY,WINTER,2026,SAPA,75,37,43
G,T2-24,2/20/2026,FEBRUARY,WINTER,2026,SAPA,70,41,46
G,T2-48,2/20/2026,FEBRUARY,WINTER,2026,SAPA,90,37,43
C,T1-0.5,2/7/2026,FEBRUARY,WINTER,2026,JACA,70,14,15
C,T1-0.5,2/7/2026,FEBRUARY,WINTER,2026,SAPA,15,22,25
C,T1-0.5,2/7/2026,FEBRUARY,WINTER,2026,DISP,55,16,16
C,T1-2,2/7/2026,FEBRUARY,WINTER,2026,SAPA,10,35,35
C,T1-2,2/7/2026,FEBRUARY,WINTER,2026,JACA,70,15,17.5
C,T1-2,2/7/2026,FEBRUARY,WINTER,2026,DISP,40,21,24
C,T1-6,2/7/2026,FEBRUARY,WINTER,2026,DISP,90,25,31
C,T1-6,2/7/2026,FEBRUARY,WINTER,2026,SAPA,15,31,30.5
C,T1-12,2/7/2026,FEBRUARY,WINTER,2026,SAPA,50,53,62
C,T1-12,2/7/2026,FEBRUARY,WINTER,2026,SPFO,15,81,98
C,T1-18,2/7/2026,FEBRUARY,WINTER,2026,SAPA,65,46,48
C,T1-18,2/7/2026,FEBRUARY,WINTER,2026,SPFO,30,73,81
C,T1-18,2/7/2026,FEBRUARY,WINTER,2026,DISP,10,NA,NA
C,T1-24,2/7/2026,FEBRUARY,WINTER,2026,SAPA,70,46,56
C,T1-24,2/7/2026,FEBRUARY,WINTER,2026,SPFO,30,68,74
C,T1-24,2/7/2026,FEBRUARY,WINTER,2026,JACA,35,NA,NA
C,T1-48,2/7/2026,FEBRUARY,WINTER,2026,DISP,75,34,39
C,T1-48,2/7/2026,FEBRUARY,WINTER,2026,SAPA,15,NA,NA
C,T2-0.5,2/7/2026,FEBRUARY,WINTER,2026,SAPA,55,35,39
C,T2-0.5,2/7/2026,FEBRUARY,WINTER,2026,JACA,50,NA,NA
C,T2-0.5,2/7/2026,FEBRUARY,WINTER,2026,DISP,35,NA,NA
C,T2-2,2/7/2026,FEBRUARY,WINTER,2026,SAPA,30,32,31.5
C,T2-2,2/7/2026,FEBRUARY,WINTER,2026,JACA,60,13,15
C,T2-2,2/7/2026,FEBRUARY,WINTER,2026,DISP,40,21,28
C,T2-6,2/7/2026,FEBRUARY,WINTER,2026,SAPA,45,48,57
C,T2-6,2/7/2026,FEBRUARY,WINTER,2026,SPFO,20,70,81
C,T2-6,2/7/2026,FEBRUARY,WINTER,2026,JACA,30,NA,NA
C,T2-6,2/7/2026,FEBRUARY,WINTER,2026,DISP,30,NA,NA
C,T2-12,2/7/2026,FEBRUARY,WINTER,2026,SAPA,50,45,57
C,T2-12,2/7/2026,FEBRUARY,WINTER,2026,JACA,30,NA,NA
C,T2-12,2/7/2026,FEBRUARY,WINTER,2026,DISP,20,NA,NA
C,T2-12,2/7/2026,FEBRUARY,WINTER,2026,SPFO,15,55,59.5
C,T2-18,2/7/2026,FEBRUARY,WINTER,2026,SAPA,45,48,55
C,T2-18,2/7/2026,FEBRUARY,WINTER,2026,SPFO,40,66,70
C,T2-18,2/7/2026,FEBRUARY,WINTER,2026,JACA,35,NA,NA
C,T2-24,2/7/2026,FEBRUARY,WINTER,2026,SPFO,15,60,65
C,T2-24,2/7/2026,FEBRUARY,WINTER,2026,SAPA,45,42,52
C,T2-24,2/7/2026,FEBRUARY,WINTER,2026,DISP,25,NA,NA
C,T2-24,2/7/2026,FEBRUARY,WINTER,2026,JACA,25,NA,NA
C,T2-48,2/7/2026,FEBRUARY,WINTER,2026,DISP,95,34,44
C,T2-48,2/7/2026,FEBRUARY,WINTER,2026,SPFO,5,58,57.5
C,T2-48,2/7/2026,FEBRUARY,WINTER,2026,JACA,10,NA,NA
S ,T1-0.5,2/6/2026,FEBRUARY,WINTER,2026,SAPA,65,57,66
S ,T1-0.5,2/6/2026,FEBRUARY,WINTER,2026,SPFO,20,NA,NA
S ,T1-2,2/6/2026,FEBRUARY,WINTER,2026,SAPA,70,53,62.5
S ,T1-6,2/6/2026,FEBRUARY,WINTER,2026,SAPA,50,60,63
S ,T1-12,2/6/2026,FEBRUARY,WINTER,2026,SAPA,65,50,51
S ,T1-18,2/6/2026,FEBRUARY,WINTER,2026,SAPA,80,63,66.5
S ,T1-24,2/6/2026,FEBRUARY,WINTER,2026,SAPA,85,57,60
S ,T1-48,2/6/2026,FEBRUARY,WINTER,2026,SAPA,90,56,61.5
S ,T2-0.5,2/6/2026,FEBRUARY,WINTER,2026,SPFO,20,67,67.5
S ,T2-0.5,2/6/2026,FEBRUARY,WINTER,2026,SAPA,30,52,57
S ,T2-2,2/6/2026,FEBRUARY,WINTER,2026,SPFO,20,70,79
S ,T2-2,2/6/2026,FEBRUARY,WINTER,2026,SAPA,35,55,65.5
S ,T2-6,2/6/2026,FEBRUARY,WINTER,2026,SAPA,65,52,62
S ,T2-12,2/6/2026,FEBRUARY,WINTER,2026,SAPA,75,54,57
S ,T2-18,2/6/2026,FEBRUARY,WINTER,2026,SAPA,90,65,68.5
S ,T2-24,2/6/2026,FEBRUARY,WINTER,2026,SAPA,70,57,62.5
S ,T2-48,2/6/2026,FEBRUARY,WINTER,2026,SAPA,75,47.25,50
B,T1-0.5,6/11/2026,JUNE,SUMMER,2026,SPFO,30,89.5,95.5
B,T1-0.5,6/11/2026,JUNE,SUMMER,2026,SAPA,45,52.75,60
B,T1-2,6/11/2026,JUNE,SUMMER,2026,SAPA,55,39,42
B,T1-2,6/11/2026,JUNE,SUMMER,2026,DISP,10,NA,NA
B,T1-6,6/11/2026,JUNE,SUMMER,2026,SAPA,90,39,44
B,T1-6,6/11/2026,JUNE,SUMMER,2026,DISP,5,NA,NA
B,T1-12,6/11/2026,JUNE,SUMMER,2026,SAPA,90,37,39
B,T1-12,6/11/2026,JUNE,SUMMER,2026,DISP,5,NA,NA
B,T1-18,6/11/2026,JUNE,SUMMER,2026,TRIG,65,21,18.5
B,T1-18,6/11/2026,JUNE,SUMMER,2026,SAPA,15,31,35
B,T1-18,6/11/2026,JUNE,SUMMER,2026,DISP,10,NA,NA
B,T1-18,6/11/2026,JUNE,SUMMER,2026,LICA,5,NA,NA
B,T1-18,6/11/2026,JUNE,SUMMER,2026,JACA,10,NA,NA
B,T1-24,6/11/2026,JUNE,SUMMER,2026,SAPA,35,30,38.5
B,T1-24,6/11/2026,JUNE,SUMMER,2026,JACA,25,NA,NA
B,T1-24,6/11/2026,JUNE,SUMMER,2026,DISP,15,NA,NA
B,T1-24,6/11/2026,JUNE,SUMMER,2026,LICA,25,NA,NA
B,T1-24,6/11/2026,JUNE,SUMMER,2026,TRIG,40,16,18.5
B,T1-48,6/11/2026,JUNE,SUMMER,2026,SAPA,75,35,40.5
B,T1-48,6/11/2026,JUNE,SUMMER,2026,JACA,15,NA,NA
B,T1-48,6/11/2026,JUNE,SUMMER,2026,DISP,10,NA,NA
B,T2-0.5,6/11/2026,JUNE,SUMMER,2026,SPFO,10,65,71.5
B,T2-0.5,6/11/2026,JUNE,SUMMER,2026,SAPA,50,40,46
B,T2-0.5,6/11/2026,JUNE,SUMMER,2026,DISP,25,NA,NA
B,T2-0.5,6/11/2026,JUNE,SUMMER,2026,JACA,45,NA,NA
B,T2-2,6/11/2026,JUNE,SUMMER,2026,SAPA,55,33.875,35
B,T2-2,6/11/2026,JUNE,SUMMER,2026,DISP,20,NA,NA
B,T2-2,6/11/2026,JUNE,SUMMER,2026,JACA,30,NA,NA
B,T2-6,6/11/2026,JUNE,SUMMER,2026,SAPA,85,36.5,44
B,T2-6,6/11/2026,JUNE,SUMMER,2026,DISP,10,NA,NA
B,T2-6,6/11/2026,JUNE,SUMMER,2026,JACA,5,NA,NA
B,T2-12,6/11/2026,JUNE,SUMMER,2026,SAPA,75,35.25,39
B,T2-12,6/11/2026,JUNE,SUMMER,2026,DISP,10,NA,NA
B,T2-12,6/11/2026,JUNE,SUMMER,2026,JACA,5,NA,NA
B,T2-18,6/11/2026,JUNE,SUMMER,2026,TRIG,70,21.5,27
B,T2-18,6/11/2026,JUNE,SUMMER,2026,SAPA,15,30,45
B,T2-18,6/11/2026,JUNE,SUMMER,2026,DISP,65,NA,NA
B,T2-18,6/11/2026,JUNE,SUMMER,2026,JACA,20,NA,NA
B,T2-24,6/11/2026,JUNE,SUMMER,2026,SAPA,80,42.125,55.5
B,T2-24,6/11/2026,JUNE,SUMMER,2026,JACA,15,NA,NA
B,T2-24,6/11/2026,JUNE,SUMMER,2026,DISP,10,NA,NA
B,T2-48,6/11/2026,JUNE,SUMMER,2026,SAPA,55,40.5,46
B,T2-48,6/11/2026,JUNE,SUMMER,2026,DISP,10,NA,NA
B,T2-48,6/11/2026,JUNE,SUMMER,2026,JACA,15,NA,NA
G,T1-0.5,6/9/2026,JUNE,SUMMER,2026,DISP,30,NA,NA
G,T1-0.5,6/9/2026,JUNE,SUMMER,2026,SAPA,15,25,33
G,T1-2,6/9/2026,JUNE,SUMMER,2026,DISP,40,NA,NA
G,T1-2,6/9/2026,JUNE,SUMMER,2026,SAPA,50,34,35.5
G,T1-6,6/9/2026,JUNE,SUMMER,2026,SAPA,85,40,43
G,T1-12,6/9/2026,JUNE,SUMMER,2026,SAPA,80,46,58
G,T1-18,6/9/2026,JUNE,SUMMER,2026,SAPA,90,37,44
G,T1-24,6/9/2026,JUNE,SUMMER,2026,SAPA,50,35,41.5
G,T1-24,6/9/2026,JUNE,SUMMER,2026,JACA,55,20,23
G,T1-48,6/9/2026,JUNE,SUMMER,2026,JACA,75,19,26
G,T1-48,6/9/2026,JUNE,SUMMER,2026,LICA,35,NA,NA
G,T1-48,6/9/2026,JUNE,SUMMER,2026,GRST,10,NA,NA
G,T1-48,6/9/2026,JUNE,SUMMER,2026,SAPA,30,27,31
G,T2-0.5,6/9/2026,JUNE,SUMMER,2026,NA,0,0,0
G,T2-2,6/9/2026,JUNE,SUMMER,2026,SAPA,20,20,26.5
G,T2-6,6/9/2026,JUNE,SUMMER,2026,SAPA,85,33,39
G,T2-12,6/9/2026,JUNE,SUMMER,2026,SAPA,95,36,43
G,T2-12,6/9/2026,JUNE,SUMMER,2026,JACA,35,NA,NA
G,T2-18,6/9/2026,JUNE,SUMMER,2026,SAPA,90,43,47
G,T2-24,6/9/2026,JUNE,SUMMER,2026,SAPA,95,42,45
G,T2-48,6/9/2026,JUNE,SUMMER,2026,SAPA,95,38,47
C,T1-0.5,6/10/2026,JUNE,SUMMER,2026,JACA,80,14.5,16.5
C,T1-0.5,6/10/2026,JUNE,SUMMER,2026,SAPA,5,28,28
C,T1-0.5,6/10/2026,JUNE,SUMMER,2026,DISP,75,NA,NA
C,T1-2,6/10/2026,JUNE,SUMMER,2026,SAPA,10,33,35
C,T1-2,6/10/2026,JUNE,SUMMER,2026,JACA,75,15,18
C,T1-2,6/10/2026,JUNE,SUMMER,2026,DISP,50,NA,NA
C,T1-6,6/10/2026,JUNE,SUMMER,2026,DISP,95,36,37.5
C,T1-12,6/10/2026,JUNE,SUMMER,2026,SAPA,60,54,95
C,T1-12,6/10/2026,JUNE,SUMMER,2026,SPFO,20,77,56.5
C,T1-18,6/10/2026,JUNE,SUMMER,2026,SAPA,35,44,51
C,T1-18,6/10/2026,JUNE,SUMMER,2026,DISP,10,NA,NA
C,T1-18,6/10/2026,JUNE,SUMMER,2026,SPFO,45,68,71
C,T1-24,6/10/2026,JUNE,SUMMER,2026,SAPA,15,46,55
C,T1-24,6/10/2026,JUNE,SUMMER,2026,JACA,80,25,30
C,T1-24,6/10/2026,JUNE,SUMMER,2026,SPFO,20,64,71.5
C,T1-48,6/10/2026,JUNE,SUMMER,2026,DISP,90,30,33.5
C,T1-48,6/10/2026,JUNE,SUMMER,2026,SAPA,5,27,30.5
C,T2-0.5,6/10/2026,JUNE,SUMMER,2026,SAPA,20,35,42.5
C,T2-0.5,6/10/2026,JUNE,SUMMER,2026,JACA,75,16,19
C,T2-0.5,6/10/2026,JUNE,SUMMER,2026,DISP,15,NA,NA
C,T2-2,6/10/2026,JUNE,SUMMER,2026,SAPA,20,25,32.5
C,T2-2,6/10/2026,JUNE,SUMMER,2026,JACA,75,16,19
C,T2-2,6/10/2026,JUNE,SUMMER,2026,DISP,65,NA,NA
C,T2-6,6/10/2026,JUNE,SUMMER,2026,SAPA,40,43,53
C,T2-6,6/10/2026,JUNE,SUMMER,2026,JACA,50,22,25
C,T2-6,6/10/2026,JUNE,SUMMER,2026,DISP,30,NA,NA
C,T2-6,6/10/2026,JUNE,SUMMER,2026,SPFO,10,53,60
C,T2-12,6/10/2026,JUNE,SUMMER,2026,SAPA,35,48,64
C,T2-12,6/10/2026,JUNE,SUMMER,2026,JACA,55,21,23
C,T2-12,6/10/2026,JUNE,SUMMER,2026,DISP,10,NA,NA
C,T2-12,6/10/2026,JUNE,SUMMER,2026,SPFO,15,49,53
C,T2-18,6/10/2026,JUNE,SUMMER,2026,SAPA,25,49,51
C,T2-18,6/10/2026,JUNE,SUMMER,2026,SPFO,35,55,62
C,T2-18,6/10/2026,JUNE,SUMMER,2026,JACA,45,25.5,28
C,T2-24,6/10/2026,JUNE,SUMMER,2026,SPFO,20,54,57
C,T2-24,6/10/2026,JUNE,SUMMER,2026,SAPA,25,34,38
C,T2-24,6/10/2026,JUNE,SUMMER,2026,DISP,10,NA,NA
C,T2-24,6/10/2026,JUNE,SUMMER,2026,JACA,65,23,24.5
C,T2-48,6/10/2026,JUNE,SUMMER,2026,JACA,35,NA,NA
C,T2-48,6/10/2026,JUNE,SUMMER,2026,DISP,90,31,33
C,T2-48,6/10/2026,JUNE,SUMMER,2026,SPFO,5,56,56
S ,T1-0.5,6/12/2026,JUNE,SUMMER,2026,SAPA,35,57,66
S ,T1-0.5,6/12/2026,JUNE,SUMMER,2026,SPFO,35,67,76
S ,T1-2,6/12/2026,JUNE,SUMMER,2026,SAPA,75,52,69.5
S ,T1-6,6/12/2026,JUNE,SUMMER,2026,SAPA,60,61,65
S ,T1-12,6/12/2026,JUNE,SUMMER,2026,SAPA,65,46,55
S ,T1-18,6/12/2026,JUNE,SUMMER,2026,SAPA,80,59,69
S ,T1-24,6/12/2026,JUNE,SUMMER,2026,SAPA,95,55.5,58.5
S ,T1-48,6/12/2026,JUNE,SUMMER,2026,SAPA,95,49,60
S ,T2-0.5,6/12/2026,JUNE,SUMMER,2026,SPFO,40,78,85
S ,T2-0.5,6/12/2026,JUNE,SUMMER,2026,SAPA,30,54,56
S ,T2-2,6/12/2026,JUNE,SUMMER,2026,SPFO,35,87,93
S ,T2-2,6/12/2026,JUNE,SUMMER,2026,SAPA,30,54.5,68
S ,T2-6,6/12/2026,JUNE,SUMMER,2026,SAPA,80,50,55
S ,T2-12,6/12/2026,JUNE,SUMMER,2026,SAPA,90,52,56
S ,T2-18,6/12/2026,JUNE,SUMMER,2026,SAPA,85,62,65
S ,T2-24,6/12/2026,JUNE,SUMMER,2026,SAPA,95,56,59.5
S ,T2-48,6/12/2026,JUNE,SUMMER,2026,SAPA,95,50,58
